val_sample_no,id,event,label,pred,prob_rumor,confidence,correct,error_type,abs_margin_from_0_5,top_rumor_evidence,top_non_rumor_evidence,text
387,535270217689993216,0,1,0,0.362892147202043,0.637107852797957,False,false_negative,0.137107852797957,词项'museum'(0.235)；字符片段'acc'(0.217)；词项'psychiatric'(0.208),词项'to'(0.335)；词项'not'(0.295)；词项'gurlitt'(0.270),According to psychiatric evaluation #Gurlitt not mentally fit to write will bequeathing paintings to museum http://t.co/EF3WSuyVPT
388,536835011941396481,0,1,0,0.27622566174941987,0.7237743382505801,False,false_negative,0.22377433825058013,词项'USER USER'(0.512)；词项'accepts'(0.248)；字符片段'ard'(0.248),词项'hoard'(0.210)；词项'gurlitt'(0.206)；字符片段'ove'(0.184),#Gurlitt Bern museum accepts controversial art hoard - SWI swissinfo.ch http://t.co/B0udLwiK1J @swisscenter @fteuscher
389,535721996391178242,0,1,0,0.34727471533151033,0.6527252846684897,False,false_negative,0.15272528466848967,字符片段'acce'(0.226)；词项'accepting'(0.220)；字符片段'acc'(0.211),词项'gurlitt'(0.230)；词项'URL'(0.135)；词项'to'(0.135),"Swiss museum close to accepting #Gurlitt bequest, returning any #Nazi-looted pieces http://t.co/eCo07tfpkF via @WSJ"
390,536844923774205952,0,1,1,0.5330303470080202,0.5330303470080202,True,correct,0.03303034700802021,词项'gurlitt art'(0.546)；词项'accepts gurlitt'(0.543)；词项'accepts'(0.376),字符片段'est'(0.321)；词项'gurlitt'(0.312)；字符片段'.'(0.216),.@fastFT: Swiss museum accepts Gurlitt art bequest http://t.co/0U8i5scqWb
391,536848139836481536,0,1,1,0.5633464156826334,0.5633464156826334,True,correct,0.06334641568263344,词项'accepted'(0.567)；词项'accepted by'(0.567)；词项'by kunstmuseum'(0.396),词项'gurlitt'(0.277)；词项'kunstmuseum bern'(0.190)；词项'URL'(0.162),Gurlitt collection accepted by Kunstmuseum Bern @artnet http://t.co/d2n5Im5qWs
392,536845753394536448,0,1,1,0.6422103747691847,0.6422103747691847,True,correct,0.14221037476918474,词项'accept gurlitt'(0.873)；词项'accept'(0.682)；词项'gurlitt art'(0.464),字符片段'ove'(0.405)；词项'gurlitt'(0.265)；字符片段'tro'(0.183),Swiss museum will accept Gurlitt art trove http://t.co/PJVU6DJXTW
393,535952893589725184,0,0,0,0.04561702678460989,0.9543829732153901,True,correct,0.4543829732153901,字符片段'co'(0.210)；词项'museum'(0.161)；字符片段'bea'(0.109),词项'cousin'(0.429)；词项'cornelius'(0.231)；词项'cornelius gurlitt'(0.231),GMLive: ArtsBeat: Cousin of Cornelius Gurlitt Challenges Will That Leaves Collection to Swiss Museum: A cousin... http://t.co/7jogktByJU
394,536333336353193985,0,0,0,0.046219067552020245,0.9537809324479798,True,correct,0.45378093244797973,字符片段'ard'(0.231)；字符片段'ive'(0.156)；字符片段'na'(0.143),词项'over'(0.470)；字符片段'over'(0.343)；字符片段'ove'(0.311),Last-minute lawsuit filed by relative of Cornelius Gurlitt over Nazi-era art hoard http://t.co/cWPAxyaCB2 Pls RT @ Seb_Kirby
395,535450182142672897,0,0,0,0.14035914224934454,0.8596408577506555,True,correct,0.35964085775065546,词项'art'(0.219)；词项'museum'(0.210)；字符片段'na'(0.184),词项'former'(0.265)；词项'gurlitt'(0.241)；词项'URL'(0.239),Former top judge thinks #Nazi-stolen art 'belongs in a museum' #indianajones #Gurlitt #Germany http://t.co/kqyjtGun9r http://t.co/xNxGpg7RAQ
396,536810390739755009,0,0,0,0.29836912759308903,0.7016308724069109,True,correct,0.20163087240691097,词项'gurlitt art'(0.385)；词项'german'(0.373)；字符片段'nce'(0.337),词项'gurlitt'(0.220)；字符片段'11'(0.180)；字符片段'litt'(0.163),"Swiss museum, German officials to announce fate of  #Gurlitt art collection at 11CET. http://t.co/7NlXiG4hcz"
397,536830979714056192,0,0,0,0.18908637489254887,0.8109136251074511,True,correct,0.31091362510745113,字符片段'ber'(0.333)；词项'agreement'(0.265)；词项'bern'(0.186),词项'on the'(0.482)；词项'of gurlitt'(0.346)；词项'munich'(0.337),"Berlin, Munich and Kunstmuseum Bern have signed an agreement on the management of Gurlitt's estate."
398,536835870293512192,0,0,0,0.09277779846441218,0.9072222015355879,True,correct,0.4072222015355878,字符片段'con'(0.207)；词项'release'(0.191)；词项'raised'(0.156),词项'press'(0.262)；词项'force'(0.220)；词项'press release'(0.179),Gurlitt press release concludes. Many questions being raised by attendees on state of task force investigation and limbo nazi loot objects.
399,535919972439322624,0,0,0,0.10757957229453503,0.8924204277054649,True,correct,0.392420427705465,字符片段'ged'(0.406)；词项'museum'(0.253)；字符片段'ed'(0.170),词项'is'(0.423)；词项'bequest is'(0.375)；字符片段'est'(0.325),Gurlitt’s Museum Bequest Is Challenged http://t.co/I8chboixpD
3,500360889347096576,1,1,0,0.21035924391069125,0.7896407560893087,False,false_negative,0.2896407560893087,词项'they'(0.354)；词项'so'(0.335)；字符片段'they'(0.257),词项'shame'(0.304)；词项'ferguson hashtag_mikebrown'(0.214)；词项'ferguson'(0.188),so ... they clearly released that video  only to shame &amp; blame the victim. #Ferguson #MikeBrown
4,499553593041903616,1,1,0,0.14939176742057547,0.8506082325794245,False,false_negative,0.35060823257942453,词项'breaking'(0.451)；词项'release'(0.308)；词项'will release'(0.283),词项'of police'(0.331)；词项'shooting'(0.314)；字符片段'ned'(0.184),BREAKING: #Anonymous has obtained audio files of police dispatch and EMS during the #MikeBrown shooting. Will release ASAP. #Ferguson
5,500336373833170945,1,1,0,0.10083180633234651,0.8991681936676534,False,false_negative,0.3991681936676535,词项'michael'(0.522)；词项'brown'(0.281)；字符片段'mich'(0.164),词项'police are'(0.552)；词项'be'(0.372)；词项'what'(0.360),#Ferguson police are embarking on what can only be described as an elaborate smear campaign of Michael Brown http://t.co/SaLZExqR1D
6,500303238810574849,1,1,0,0.031549309288171394,0.9684506907118287,False,false_negative,0.4684506907118286,字符片段'ate'(0.141)；字符片段'sta'(0.128)；词项'better'(0.114),词项'ferguson URL'(0.689)；词项'left'(0.666)；词项'photo'(0.585),Someone with better eyes than me please #checkthedatestamp on the bottom left photo. Isn't that JUNE? #Ferguson http://t.co/PTNuxY2v5B
7,499494187969298432,1,1,0,0.07855886593893989,0.9214411340610601,False,false_negative,0.4214411340610601,字符片段'wom'(0.244)；字符片段'ding'(0.236)；词项'woman'(0.224),词项'about'(0.541)；词项'shooting of'(0.415)；词项'what'(0.326),"What are #Ferguson Police hiding about ""drive by"" shooting of black woman recording last night's action? http://t.co/wfuDYm9q27 #OpFerguson"
8,498272309535191041,1,1,0,0.051425859867923675,0.9485741401320763,False,false_negative,0.4485741401320763,字符片段'cir'(0.283)；字符片段'con'(0.261)；字符片段'co'(0.245),词项'in hashtag_ferguson'(0.693)；词项'community'(0.392)；词项'is'(0.357),200 cops in riot gear in #ferguson because there is a prayer circle and a concerned compassionate community
9,500290456845299714,1,1,0,0.38829685399277825,0.6117031460072218,False,false_negative,0.11170314600722175,词项'the police'(1.171)；词项'report'(0.739)；词项'time'(0.559),词项'stop'(0.403)；词项'to stop'(0.375)；字符片段'e's'(0.209),Here's the police report. Somehow #Ferguson cops valued a box of Swishers at nearly $50. Time to stop smokin I guess http://t.co/8ZkvrHkApc
10,500368579875704832,1,1,0,0.12086021453125889,0.879139785468741,False,false_negative,0.3791397854687411,词项'cover'(0.615)；词项'cover up'(0.469)；词项'so'(0.301),词项'rt'(0.385)；词项'us'(0.357)；词项'rt USER'(0.331),I'm so disgusted. #Ferguson RT @ZandarVTS: This has now devolved into the worst police shooting cover-up attempt in US history.
11,500360018928353280,1,1,0,0.4065197684865757,0.5934802315134242,False,false_negative,0.09348023151342427,词项'reports'(0.725)；词项'even'(0.673)；字符片段'sho'(0.378),词项'or'(0.576)；词项'not'(0.272)；词项'to'(0.248),Lawyers for police in bad shootings often advise shooters not to write reports or even speak to commanders or investigators. #Ferguson
12,500284871541940225,1,1,0,0.15163703380399798,0.848362966196002,False,false_negative,0.34836296619600204,词项'the police'(1.057)；词项'lie'(0.880)；字符片段'lie'(0.714),词项'how'(0.573)；词项'and'(0.345)；字符片段'eep'(0.263),I'm NOT believing this story because I know how the police lie and will keep lying and will organize together AND LIE. #MIKEBROWN #Ferguson
13,499366666300846081,1,1,0,0.3182306268579869,0.6817693731420131,False,false_negative,0.18176937314201308,词项'down'(0.616)；词项'down no'(0.517)；词项'shut'(0.441),词项'of police'(0.337)；词项'media'(0.323)；字符片段'it's'(0.203),Line of police cars with high beams on greets anyone trying to enter #Ferguson. It's shut down. No media allowed. http://t.co/bk6jFFM7jj
18,498294764718915586,1,1,0,0.27486464059553434,0.7251353594044656,False,false_negative,0.22513535940446566,词项'store'(0.799)；词项'shot'(0.653)；词项'down'(0.611),词项'ferguson URL'(0.548)；词项'white'(0.310)；词项'happens'(0.269),White man aiming down on police...nothing happens. Unarmed black kid walking back from store shot 10 times. #Ferguson http://t.co/48EcUF2Bwa
20,500328758201815041,1,1,0,0.20377515905356525,0.7962248409464348,False,false_negative,0.29622484094643475,词项'officer'(0.522)；词项'the officer'(0.413)；词项'killing'(0.297),字符片段'mo'(0.290)；字符片段'unit'(0.201)；字符片段'nit'(0.177),Disgusting: MO chapter of Klan raising money as “reward” for the officer killing #MikeBrown. #Ferguson #UniteBlue http://t.co/xRCCazRSFs
21,500289307257868288,1,1,0,0.14804661332014574,0.8519533866798543,False,false_negative,0.35195338667985426,词项'ferguson pd'(0.874)；词项'pd'(0.744)；词项'the shooting'(0.582),词项'about'(0.560)；词项'us'(0.374)；词项'be'(0.349),The selective release of information by #Ferguson PD tells us nothing about the shooting. Instead appears to be a basic smear job.
22,500298752469770240,1,1,0,0.20229171319525405,0.7977082868047459,False,false_negative,0.2977082868047459,字符片段'repo'(0.285)；字符片段'rep'(0.279)；字符片段'kid.'(0.226),词项'ferguson hashtag_mikebrown'(0.195)；字符片段'rs.'(0.186)；词项'law'(0.184),Shoot unarmed kid. Conceal evidence. Impose martial law. Harass reporters. Smear the victim. Worst. Police. Ever. #Ferguson #MikeBrown
400,500417151346696192,1,1,0,0.12280292213019679,0.8771970778698032,False,false_negative,0.3771970778698032,词项'officer'(0.648)；词项'police officer'(0.455)；字符片段'icer'(0.276),词项'be'(0.416)；词项'than'(0.409)；词项'to be'(0.271),Americans are 8 times more likely to be killed by a police officer than by a terrorist. #Ferguson
1,500364250461003777,1,1,1,0.8720923449088561,0.8720923449088561,True,correct,0.3720923449088561,词项'robbery'(1.322)；词项'was'(0.869)；词项'shot'(0.631),词项'over'(0.666)；字符片段'over'(0.352)；字符片段'ove'(0.319),"So, to sum up: 1) Darren Wilson KNEW NOTHING of the robbery, 2) shot #MikeBrown over jaywalking, and 3) was allowed to escape #Ferguson."
2,500277808883830784,1,1,1,0.8942404831449361,0.8942404831449361,True,correct,0.3942404831449361,词项'shot'(0.636)；词项'officer'(0.553)；词项'michael'(0.499),字符片段'son'(0.221)；词项'announced'(0.214)；词项'officer darren'(0.192),"BREAKING: #Ferguson police chief just announced that officer Darren Wilson shot the unarmed teen, Michael Brown."
14,500354853680340993,1,1,1,0.8082694955660569,0.8082694955660569,True,correct,0.3082694955660569,词项'ferguson pd'(0.717)；词项'was'(0.704)；字符片段'was'(0.700),词项'hours'(0.363)；词项'rt'(0.331)；词项'rt USER'(0.284),Boom RT @newsneighbor Why was #Ferguson PD still looking for the suspect 7 hours after Michael Brown had been killed? http://t.co/4TH5aFsge2
15,499431474731683841,1,1,1,0.6710929849109464,0.6710929849109464,True,correct,0.17109298491094638,词项'shot'(0.509)；字符片段'shot'(0.384)；词项'breaking'(0.356),词项'shooting'(0.249)；词项'the'(0.191)；词项'shot in'(0.175),#BREAKING One woman shot in drive-by shooting on 1300 Highmont near the QT. Cannot confirm if the victim survived. #ferguson #mikebrown
16,500277526590423041,1,1,1,0.8082147983700695,0.8082147983700695,True,correct,0.3082147983700695,词项'officer'(1.131)；词项'shot'(0.767)；词项'name of'(0.687),词项'breaking news'(0.484)；词项'shot hashtag_mikebrown'(0.257)；字符片段'son'(0.246),BREAKING NEWS: NAME OF OFFICER WHO SHOT #MIKEBROWN - OFFICER DAREN WILSON - #Ferguson
17,500280249629036544,1,1,1,0.7259827823616009,0.7259827823616009,True,correct,0.22598278236160085,词项'shot'(0.691)；词项'officer'(0.601)；字符片段'shot'(0.504),词项'name the'(0.390)；词项'URL'(0.240)；词项'police name'(0.211),Police name the officer who shot #Ferguson teenager #MichaelBrown. Watch: http://t.co/O76WptH1nE  http://t.co/R6bxjsY9CZ
19,500291116403789824,1,1,1,0.7107856690742774,0.7107856690742774,True,correct,0.21078566907427743,词项'was'(1.067)；字符片段'was'(0.951)；词项'stopped'(0.486),词项'not'(0.296)；字符片段'not'(0.222)；词项'or'(0.219),"Let's not forget that even if Mike Brown did shoplift, that's not why police said he was stopped or why he was shot. #mikebrown #ferguson"
23,499571799764770816,1,0,0,0.049485226163713224,0.9505147738362868,True,correct,0.4505147738362868,字符片段'oes'(0.165)；字符片段'stop'(0.136)；字符片段'ing'(0.132),词项'stop'(0.469)；词项'our'(0.434)；词项'of hashtag_ferguson'(0.367),People of #Ferguson: Stop #attacking our brave #heroes! -- http://t.co/DfxchWSDBM
24,499672226887897089,1,0,0,0.03849207331360955,0.9615079266863904,True,correct,0.46150792668639046,词项'USER USER'(0.590)；词项'at'(0.339)；词项'USER rt'(0.218),词项'rt'(0.923)；词项'rt USER'(0.640)；词项'ferguson URL'(0.573),RT @freegcf: RT @organizemo: @OpFerguson PLS RT! Jail support info for ppl arrested at #mikebrown rallies. #ferguson http://t.co/GRJvO1dAlp
25,500210207986028544,1,0,0,0.07005629261637891,0.9299437073836211,True,correct,0.4299437073836211,词项'out'(0.429)；字符片段'ree'(0.285)；字符片段'hall'(0.184),词项'how'(0.960)；词项'out URL'(0.444)；词项'america'(0.378),#wakeup #MarshallLaw #Ferguson - America - how's that land of the free working out? http://t.co/uI9nWUXr8a
26,499381917490237440,1,0,0,0.11577956528722662,0.8842204347127733,True,correct,0.3842204347127734,词项'tonight'(0.316)；字符片段'tal'(0.238)；字符片段'mich'(0.196),词项'about'(0.452)；词项'is'(0.258)；字符片段'bout'(0.221),Something being talked about tonight is the makeup of the #Ferguson Police Dept. Here's a breakdown: #MichaelBrown http://t.co/gYd5qgJh5M
27,498292628455034882,1,0,0,0.015532550712769657,0.9844674492872303,True,correct,0.48446744928723035,字符片段'age'(0.241)；字符片段'so'(0.140)；字符片段':'(0.131),词项'again'(0.600)；词项'ferguson URL'(0.501)；词项'rt'(0.382),#message RT @brennamuncy: Someone please remind me what year it is again? #ferguson http://t.co/vI4tDnvT1W
28,500306548841660416,1,0,0,0.009189312699012882,0.9908106873009871,True,correct,0.4908106873009871,词项'is the'(0.301)；字符片段'n.'(0.164)；词项'ever'(0.146),词项'mikebrown URL'(0.664)；词项'our'(0.461)；词项'is'(0.438),This is the sassiest protest sign I have ever seen. I love our black queens! 😭 #Ferguson #MikeBrown http://t.co/C6zk8Fwb0Y
29,500334308867858432,1,0,0,0.39820544906882205,0.601794550931178,True,correct,0.10179455093117795,词项'cigars'(1.377)；字符片段'cig'(0.502)；字符片段'ciga'(0.502),词项'in hashtag_ferguson'(1.003)；词项'ferguson'(0.286)；字符片段'son'(0.273),Fyi cigars in #Ferguson cost $38 million.
30,500277481119956992,1,0,0,0.05646608964196176,0.9435339103580382,True,correct,0.44353391035803824,字符片段'ree'(0.202)；字符片段'ays'(0.136)；词项'says'(0.133),词项'all'(0.390)；词项'press'(0.287)；字符片段'unit'(0.179),This Cartoon Says It All: via @BennettCartoons via Chattanooga Times Free Press #Ferguson #UniteBlue #libcrib #KY http://t.co/A5XHpJPq75
31,499530401136668672,1,0,0,0.1865736300789452,0.8134263699210548,True,correct,0.31342636992105477,字符片段'repo'(0.380)；字符片段'rep'(0.372)；字符片段'ost'(0.320),词项'in hashtag_ferguson'(0.804)；词项'ferguson URL'(0.677)；词项'URL'(0.279),UNEASY NIGHT: St. Louis Post Dispatch's reporting on last night's clashes in #Ferguson http://t.co/wHNNo9yo3T http://t.co/OOuZIRkjpL
32,500368204376850432,1,0,0,0.06868220351729208,0.931317796482708,True,correct,0.4313177964827079,词项'kkk'(0.244)；字符片段'offi'(0.242)；字符片段'man'(0.196),词项'how'(0.799)；词项'how many'(0.520)；字符片段'how'(0.466),How many #Ferguson officers are in the KKK? #jw
33,499702206455488513,1,0,0,0.033492251573241504,0.9665077484267585,True,correct,0.4665077484267585,字符片段'gun'(0.201)；词项'still on'(0.198)；字符片段'ere'(0.161),词项'about'(0.493)；词项'police are'(0.454)；词项'on the'(0.335),The #Ferguson police are STILL on the tv LYING about wanting peace and there's military guns and amour trucks here in broad daylight
34,500249081286250496,1,0,0,0.20571203687312165,0.7942879631268783,True,correct,0.2942879631268783,词项'getty'(0.432)；词项'getty images'(0.328)；词项'olson'(0.328),词项'in hashtag_ferguson'(0.619)；词项'ferguson URL'(0.521)；词项'protesters'(0.366),"Protesters march peacefully alongside state troopers in #Ferguson: http://t.co/qqiQ0XKDRN (Scott Olson, Getty Images) http://t.co/D6DKEK0z5n"
35,498274493337702401,1,0,0,0.2985391750416842,0.7014608249583159,True,correct,0.2014608249583158,词项'was'(0.743)；字符片段'was'(0.607)；词项'shot'(0.540),词项'monday'(0.425)；词项'start'(0.422)；词项'on monday'(0.358),: Teenager #MikeBrown won't start college on Monday because he was shot ten times by a #Ferguson police officer. http://t.co/dCFmzlkFRD”
36,498259432237969408,1,0,0,0.04454605952304495,0.9554539404769551,True,correct,0.45545394047695503,词项'are now'(0.490)；词项'now'(0.383)；字符片段'now'(0.309),字符片段'rs.'(0.298)；词项'people are'(0.281)；词项'are'(0.257),People are now matching to the #Ferguson Police Dept headquarters. http://t.co/4KEsby2ZPj
37,499701423135678464,1,0,0,0.010701615044907192,0.9892983849550928,True,correct,0.4892983849550928,词项'between'(0.288)；字符片段'opp'(0.223)；字符片段'war'(0.202),词项'you'(0.755)；字符片段'you'(0.651)；词项'mikebrown URL'(0.559),"You guess photo of war? Yes, you are right. This is a war between oppressor &amp; oppressed. #Ferguson #MikeBrown http://t.co/74TvAG92CR"
38,499691638424608768,1,0,0,0.025596380261622503,0.9744036197383775,True,correct,0.4744036197383775,字符片段'sho'(0.284)；字符片段'mass'(0.255)；词项'up'(0.231),词项'in hashtag_ferguson'(0.593)；词项'ferguson URL'(0.499)；词项'rt'(0.383),RT .@ryanjreilly: A massive SWAT team just showed up to peaceful demonstration in #ferguson https://t.co/VZh6Iu2MmL
39,500240534481666049,1,0,0,0.018360311315840226,0.9816396886841597,True,correct,0.4816396886841598,字符片段'ro'(0.193)；字符片段'er'(0.115)；字符片段'thr'(0.097),词项'protestors'(0.383)；词项'johnson'(0.376)；词项'peaceful'(0.350),Capt. Ron Johnson leads #Ferguson protestors through a peaceful night #RonJohnson #leader http://t.co/JpUnwUsN6f http://t.co/Vl504sVOaE
40,498305962726273024,1,0,0,0.2579867747745665,0.7420132252254334,True,correct,0.2420132252254335,词项'was'(1.090)；字符片段'was'(0.686)；词项'story'(0.552),词项'in hashtag_ferguson'(0.790)；词项'this'(0.294)；字符片段'you'(0.275),I’m in #Ferguson and the witnesses are telling a chillin story. This young man was truly executed.
41,500364705622671360,1,0,0,0.03018649624984186,0.9698135037501582,True,correct,0.4698135037501581,字符片段'sho'(0.328)；字符片段'sh'(0.175)；字符片段'ten'(0.166),词项'how'(0.732)；词项'ferguson URL'(0.667)；词项'URL hashtag_ferguson'(0.469),Exactly How Often Do Police Shoot Unarmed Black Men? http://t.co/6KXMOhu2EA #Ferguson http://t.co/1Cd6egf2LQ
42,499401831874043905,1,0,0,0.010900479862361876,0.9890995201376381,True,correct,0.48909952013763813,字符片段'rip'(0.243)；字符片段'bul'(0.187)；字符片段'bull'(0.152),词项'ferguson URL'(0.832)；词项'you'(0.615)；字符片段'you'(0.550),"Protestor on bull horn: ""Is this the Gaza Strip you bombin'"" #Ferguson http://t.co/rsPzBuPYb1"
43,499674159916789760,1,0,0,0.01351751841900471,0.9864824815809953,True,correct,0.4864824815809953,字符片段'ook'(0.189)；字符片段'lly'(0.184)；词项'in'(0.182),词项'in hashtag_ferguson'(1.079)；词项'ferguson URL'(0.908)；词项'protestors'(0.632),Police look on as protestors rally in #Ferguson http://t.co/LCzNUCNvKE
44,500364003734867970,1,0,0,0.07148893280224622,0.9285110671977538,True,correct,0.4285110671977538,词项'michael'(0.596)；词项'arrest'(0.404)；词项'13'(0.281),词项'my'(0.783)；词项'URL hashtag_ferguson'(0.450)；字符片段'my'(0.419),"Video footage of my arrest, @AntonioFrench staffers, and Michael Powers Protest and arrests 8-13-14: http://t.co/RLaAUlKyyv #Ferguson"
45,499426471300329472,1,0,0,0.011513308215822632,0.9884866917841774,True,correct,0.48848669178417736,字符片段'pr'(0.102)；字符片段'for'(0.048)；字符片段'er'(0.027),词项'prayers for'(0.610)；词项'ferguson'(0.441)；字符片段'pray'(0.438),Prayers for #Ferguson.
46,499359735947087872,1,0,0,0.05112589892565139,0.9488741010743487,True,correct,0.4488741010743486,词项'mike brown'(0.235)；词项'brown'(0.234)；词项'mike'(0.195),词项'wake'(0.395)；词项'wake of'(0.344)；词项'in wake'(0.339),Anonymous hacking group threatens the #Ferguson police in wake of the murder of Mike Brown --&gt; http://t.co/TqaA59wH9x http://t.co/p8VtikmeyD
47,499696137708658688,1,0,0,0.08017972612942474,0.9198202738705753,True,correct,0.41982027387057524,词项'officer'(0.473)；字符片段'own.'(0.368)；字符片段'wn.'(0.368),词项'in hashtag_ferguson'(0.545)；字符片段'ove'(0.363)；词项'everyone'(0.350),Coming soon to everyone's town. MT @ryanjreilly: Overkill in #Ferguson. Officer won't answer...why this is needed. http://t.co/Uj7olrFBjB
48,498273703428620289,1,0,0,0.054029568724844663,0.9459704312751553,True,correct,0.44597043127515534,词项'was'(0.654)；字符片段'was'(0.523)；词项'at'(0.237),词项'about'(0.426)；词项'start'(0.371)；词项'old'(0.245),"The mother of #MikeBrown, the 17-year-old killed by #Ferguson police today, says her son was about to start at Vatterott College next week."
49,499376069485821952,1,0,0,0.02223923168910842,0.9777607683108915,True,correct,0.4777607683108916,词项'they'(0.289)；词项'up'(0.210)；字符片段'tage'(0.181),词项're'(0.565)；词项'in hashtag_ferguson'(0.538)；词项'about'(0.483),Next up on Fox News: Here's some footage of angry black people in #Ferguson with no discussion about why they're angry. Enjoy! #MikeBrown
50,498264393185239040,1,0,0,0.14300998266073742,0.8569900173392626,True,correct,0.3569900173392626,词项'are being'(0.511)；词项'explain'(0.408)；词项'they'(0.323),词项'aren'(0.444)；字符片段'are'(0.233)；字符片段'en't'(0.231),"Police aren't being taught to protect and serve anymore. They are being taught to shoot first, explain later. #ferguson"
51,499536812109742080,1,0,0,0.3846781917366697,0.6153218082633303,True,correct,0.11532180826333033,词项'was'(0.651)；字符片段'was'(0.644)；词项'another'(0.362),词项'was killed'(0.382)；词项'we'(0.335)；词项'lot'(0.210),The fact that while we've been focused on #Ferguson another black man was killed by cops in LA and it barely made the news says a lot.
52,498285782512050176,1,0,0,0.038569721893474,0.961430278106526,True,correct,0.461430278106526,字符片段'shot'(0.335)；字符片段'sho'(0.257)；字符片段'l.'(0.206),词项'rt'(0.351)；词项'rt USER'(0.302)；词项'is'(0.278),Awful. RT @AntonioFrench #Ferguson Police have dogs and shotguns. The unarmed crowd is raising their hands. https://t.co/OFXxJLuDtj
53,500261600579043328,1,0,0,0.027734092780256698,0.9722659072197433,True,correct,0.4722659072197433,词项'with military'(0.202)；字符片段'dea'(0.193)；字符片段'dist'(0.170),词项'in hashtag_ferguson'(0.519)；词项'how'(0.479)；字符片段'ans'(0.286),"Powerful, disturbing advice from the humans in #Gaza to the humans in #Ferguson on how to deal with military/police. http://t.co/4hxr1QEjLt"
54,500281037486698498,1,0,0,0.03018649624984186,0.9698135037501582,True,correct,0.4698135037501581,字符片段'sho'(0.328)；字符片段'sh'(0.175)；字符片段'ten'(0.166),词项'how'(0.732)；词项'ferguson URL'(0.667)；词项'URL hashtag_ferguson'(0.469),Exactly how often do police shoot unarmed black men? http://t.co/m5X6ICFtdv #Ferguson http://t.co/elWTCmN3ZN
55,499700824432717824,1,0,0,0.21828140337935542,0.7817185966206446,True,correct,0.2817185966206446,词项'style'(0.501)；词项'military style'(0.264)；字符片段'men'(0.200),词项'ferguson URL'(0.552)；词项'rt'(0.426)；词项'rt USER'(0.366),"On some Tiananmen shit. RT @sebwalker: Military-style police: 3 APCs, ~100 officers, high-powered rifles #Ferguson http://t.co/JK0ZBrnEIO"
56,499362348940144640,1,0,0,0.03752846470650055,0.9624715352934995,True,correct,0.46247153529349944,词项'at'(0.477)；字符片段'at'(0.328)；词项'now'(0.285),词项'end'(0.460)；字符片段'end'(0.439)；词项'protesters'(0.334),"Police still at one end of W. Florissant, protesters now at Greater St. Mark Church. #Ferguson p/v @JustinGlawe http://t.co/ujLgUmKLNS"
57,499388619425980416,1,0,0,0.035084692164772203,0.9649153078352278,True,correct,0.4649153078352278,词项'is hashtag_ferguson'(0.354)；字符片段'su'(0.318)；词项'suburb'(0.240),词项'is'(0.571)；词项'this'(0.414)；词项'america'(0.404),"This is #Ferguson, a suburb in America. http://t.co/GfmHLo4u5q"
58,499697498072420352,1,0,0,0.30310387043144155,0.6968961295685585,True,correct,0.19689612956855845,词项'ferguson pd'(1.202)；词项'pd'(1.024)；词项'didn'(0.512),词项'we'(0.612)；词项'ex'(0.511)；词项'our'(0.468),Dear #Ferguson PD After our towns murders we didn't deploy SWAT Respectfully a Sandy Hook Dad and ex-cop. http://t.co/fpRWMowwAj
59,498286281894682624,1,0,0,0.007658135122590861,0.9923418648774092,True,correct,0.49234186487740916,字符片段'in'(0.170)；词项'in'(0.157)；字符片段'at'(0.118),词项'again'(0.941)；词项'ferguson URL'(0.781)；词项'we'(0.660),What year are we in again? This is looking like the 50s #Ferguson http://t.co/TeLcT3d3yh
60,499701669437784064,1,0,0,0.022485125830493946,0.9775148741695061,True,correct,0.47751487416950605,字符片段'ding'(0.191)；字符片段'in'(0.167)；字符片段':'(0.147),词项'in hashtag_ferguson'(0.712)；词项'ferguson URL'(0.599)；词项'rt'(0.461),Just as the Founding Fathers intended. RT @BmoreConetta: Current situation in #ferguson http://t.co/QVNG2ZmlxV
61,500212911856295940,1,0,0,0.3166966740180263,0.6833033259819736,True,correct,0.18330332598197369,词项'him'(0.484)；词项'the street'(0.439)；字符片段'him'(0.419),词项'we'(0.357)；词项'on the'(0.308)；词项'be'(0.282),"No matter what we do, it won't be as bad as killing a kid and leaving him to die on the street, covered with his own blood. #Ferguson"
62,499579650926858240,1,0,0,0.07285960566511064,0.9271403943348894,True,correct,0.4271403943348894,词项'flag'(0.591)；词项'at'(0.296)；字符片段'fla'(0.264),词项'tear'(0.311)；词项'is'(0.305)；词项'gas'(0.300),"Image of #Ferguson protester throwing tear gas back at police, wearing the American flag, is amazing. http://t.co/JXi1sibnGG @AntonioFrench"
63,499605248747786240,1,0,0,0.049693729149870434,0.9503062708501295,True,correct,0.4503062708501296,词项'now'(0.331)；词项'states'(0.286)；字符片段'now'(0.247),词项'in hashtag_ferguson'(0.657)；词项'force'(0.362)；词项'than'(0.359),"Right now the United States has a stronger militarized force in #Ferguson, Missouri than it does in Baghdad."
64,498531639472189441,1,0,0,0.2647959429912698,0.7352040570087301,True,correct,0.2352040570087302,词项'shot'(0.577)；字符片段'shot'(0.389)；词项'at'(0.288),词项'white'(0.274)；词项'cops'(0.215)；词项'shot killed'(0.206),#Ferguson v #Bundy: Black jaywalking teen shot &amp; killed by cops. White trespassig rancher's militia aim guns at cops. http://t.co/MEGjYq2feR
65,500399997113098240,1,0,0,0.08197177962556747,0.9180282203744325,True,correct,0.41802822037443255,词项'name'(0.475)；词项'ferguson cops'(0.469)；字符片段'name'(0.378),词项'aren'(0.573)；词项'johnson'(0.447)；字符片段'en't'(0.321),I asked Ron Johnson why #Ferguson cops aren't wearing name tags: http://t.co/ghiG5XM8Rd
66,498349598197702656,1,0,0,0.16273581557736536,0.8372641844226346,True,correct,0.3372641844226346,词项'shot'(0.604)；字符片段'shot'(0.469)；字符片段'sho'(0.372),词项'in hashtag_ferguson'(0.606)；词项'old'(0.313)；词项'missouri'(0.229),"Police in #Ferguson, Missouri, shot and killed a 17-year-old boy. http://t.co/TbVlOFxEus #FergusonShooting"
67,499699803576881152,1,0,0,0.1423242020387389,0.857675797961261,True,correct,0.3576757979612611,词项'while'(0.423)；字符片段'stre'(0.336)；词项'watch'(0.301),字符片段'you'(0.561)；词项'you'(0.436)；词项'is'(0.360),The live stream from #Ferguson is back up and running. Watch here while you can: http://t.co/7QTY8soT46
68,498283038338711552,1,0,0,0.02237411627887129,0.9776258837211287,True,correct,0.4776258837211287,词项'they'(0.478)；词项'out'(0.369)；词项'out in'(0.283),词项'in hashtag_ferguson'(0.892)；词项'ferguson URL'(0.750)；词项'dogs'(0.302),They've brought the dogs out in #Ferguson https://t.co/gXQeLtaXjt
69,499703156889362432,1,0,0,0.49756432516257254,0.5024356748374275,True,correct,0.0024356748374274595,词项'breaking'(0.350)；词项'been'(0.336)；词项'has been'(0.323),词项'tear'(0.262)；字符片段'int'(0.189)；字符片段'prot'(0.144),#BREAKING: State Senator Maria Chapelle Nadal has been taken into police custody; she had been tear-gassed at an earlier protest. #Ferguson
70,499478732315566080,1,0,0,0.024675607589263553,0.9753243924107364,True,correct,0.47532439241073643,字符片段'dly'(0.231)；字符片段'ect'(0.193)；字符片段'cal'(0.178),词项'ferguson URL'(0.689)；词项'friendly'(0.300)；字符片段'you'(0.295),Your friendly local police department. Protect and Serve. #Ferguson http://t.co/LIUfLlnXXK
71,500362679039840257,1,0,0,0.22867034447877843,0.7713296555212216,True,correct,0.27132965552122157,词项'him'(0.740)；词项'officer'(0.670)；字符片段'him'(0.473),词项'over'(0.816)；词项'ferguson URL'(0.650)；词项'rt'(0.500),RT @FreeTopher: OFFICER DARREN WILSON STANDING OVER MIKE BROWN'S BODY AFTER SHOOTING HIM 9 TIMES #Ferguson http://t.co/7uAMFPdyPO
72,500163501961142275,1,0,0,0.013551741305920892,0.9864482586940791,True,correct,0.4864482586940791,词项'for the'(0.186)；词项'thanks'(0.180)；词项'taken'(0.121),词项'mikebrown URL'(0.491)；词项'photo'(0.449)；字符片段'stl'(0.435),"Photo taken by @FroGoddess ""thanks for the advice #Palestine"" - #Ferguson #STL #MikeBrown http://t.co/UkfKu2Zzdl"
73,500322242296041473,1,0,0,0.20152267837255577,0.7984773216274442,True,correct,0.2984773216274442,词项'michael'(0.449)；字符片段'rep'(0.346)；词项'arms'(0.306),词项'is'(0.294)；词项'if michael'(0.289)；词项'or'(0.274),"If Michael Brown had been carrying a gun, would Republicans still say he had a right to bear arms? Or is that only for white men? #ferguson"
74,499529014797557760,1,0,0,0.03533318237446753,0.9646668176255324,True,correct,0.46466681762553247,词项'one'(0.494)；词项'video'(0.281)；字符片段'ube'(0.249),词项'all'(0.911)；词项'ferguson URL'(0.852)；词项'yesterday'(0.509),All of yesterday's Vines in one YouTube video. #ferguson  http://t.co/Q2wUmBg5Cr
75,498575704582148096,1,0,0,0.029920949646116437,0.9700790503538835,True,correct,0.4700790503538836,词项'the police'(1.242)；词项'then'(0.318)；字符片段'ged'(0.282),词项'about'(0.655)；词项'than'(0.400)；词项'is'(0.375),If u r white &amp; u r not outraged about #Ferguson then the problem is much bigger than the police. #americaforall
76,499598945417703424,1,0,0,0.026033238503175352,0.9739667614968246,True,correct,0.47396676149682465,词项'this morning'(0.401)；词项'morning'(0.325)；字符片段'ore'(0.231),字符片段'mo'(0.590)；词项'this'(0.368)；词项'ferguson this'(0.361),More from #Ferguson this morning http://t.co/82Ylq2SqzK
77,499602370917978112,1,0,0,0.03445713514330726,0.9655428648566927,True,correct,0.4655428648566927,词项'days'(0.592)；词项'out of'(0.403)；字符片段'days'(0.289),词项'after police'(0.379)；词项'few'(0.352)；字符片段'few'(0.350),"One pattern of the last few days: After police move the media out of the area, they become more heavy-handed and violent. #Ferguson"
78,499636076852420608,1,0,0,0.04730703761956128,0.9526929623804388,True,correct,0.4526929623804387,词项'out'(0.269)；字符片段'eld'(0.211)；词项'for the'(0.192),词项'mikebrown URL'(0.508)；词项'community'(0.369)；词项'residents'(0.321),Better Family life out here in the #FERGUSON community offering therapy for the residents of Canfield #MikeBrown http://t.co/SIiRImomBP
79,499602333404504064,1,0,0,0.018262496885868493,0.9817375031141315,True,correct,0.4817375031141315,字符片段'di'(0.232)；词项'display'(0.164)；字符片段'in'(0.149),词项'in hashtag_ferguson'(0.861)；词项'ferguson URL'(0.725)；字符片段'disp'(0.296),Police militarization on display in #Ferguson http://t.co/m9jyPq3ALq
80,499704241741520897,1,0,0,0.09788228040201445,0.9021177195979856,True,correct,0.40211771959798553,词项'now'(0.321)；词项'for the'(0.318)；词项'and for'(0.293),词项'in hashtag_ferguson'(0.638)；词项'be'(0.356)；词项'the'(0.238),"People who claim to be against big, intrusive government and for the Constitution are cheerleading for the cops in #Ferguson now. Telling."
81,499699779426066432,1,0,0,0.04941574285495822,0.9505842571450418,True,correct,0.4505842571450418,词项'even'(0.594)；字符片段'even'(0.174)；字符片段'alk'(0.156),词项'we'(0.446)；词项'on the'(0.383)；词项'us'(0.377),Cops are forcing us to move even as legally we have the right to stand on the  sidewalk... #Ferguson
82,498321666267561985,1,0,0,0.020131604754750204,0.9798683952452498,True,correct,0.4798683952452498,词项'cop'(0.261)；词项'ferguson is'(0.217)；词项'are the'(0.173),词项'in hashtag_ferguson'(0.563)；字符片段'you'(0.395)；词项'you'(0.350),"No matter what COLOR you are...the murder by cop in #Ferguson is WRONG.  Let's stand together, do NOT let them divide us."
83,499362441697193985,1,0,0,0.0220352344631093,0.9779647655368907,True,correct,0.4779647655368907,词项'at'(0.312)；字符片段'at'(0.237)；字符片段'st.'(0.127),词项'ferguson URL'(0.529)；词项'peaceful'(0.335)；字符片段'you'(0.289),Peaceful youth demonstration at Greater St. Mark Church #ferguson http://t.co/feWLxdme9R
84,499674825753772033,1,0,0,0.11241745532205112,0.8875825446779488,True,correct,0.3875825446779489,字符片段'con'(0.203)；词项'them to'(0.176)；字符片段'ot'(0.132),词项'those'(0.282)；词项'to'(0.229)；词项'ferguson'(0.187),"#Ferguson #FergusonRiot #JailSupport helps those arrested in order to connect them to lawyers, relay messages... http://t.co/9NQJclwvah"
85,499441454498852864,1,0,0,0.054898751759131614,0.9451012482408684,True,correct,0.4451012482408684,字符片段'ier'(0.391)；词项'the day'(0.259)；词项'picture'(0.248),词项'rt'(0.328)；词项'protesters'(0.299)；词项'rt USER'(0.282),"RT @PDPJ: #Ferguson picture from earlier in the day, high powered rifles trained on protesters http://t.co/qUkG9ztaQt"
86,500296090671796224,1,0,0,0.0112720621212946,0.9887279378787054,True,correct,0.4887279378787054,词项'protesting'(0.292)；词项'know'(0.249)；字符片段'acc'(0.227),词项'in hashtag_ferguson'(0.666)；词项'our'(0.360)；词项'rights'(0.248),Our account from the ground in #Ferguson Protesting 4 #JusticeForMikeBrown? Know your rights https://t.co/bqWdKblUoM http://t.co/A60AYAS1GV
87,499696733979688961,1,0,0,0.2090664818604291,0.7909335181395709,True,correct,0.2909335181395709,词项'style'(0.468)；词项'show'(0.299)；词项'military style'(0.246),词项'ferguson URL'(0.514)；字符片段'ove'(0.343)；词项'force'(0.337),"Military-style police in overwhelming show of force: 3 APCs, ~100 officers, high-powered rifles #Ferguson http://t.co/joc9ZnPuqM"
88,499688832300630016,1,0,0,0.14971076485845378,0.8502892351415462,True,correct,0.3502892351415462,词项'breaking'(0.453)；词项'they'(0.347)；词项'say'(0.293),词项'again'(0.657)；词项'we'(0.459)；词项'crowd'(0.288),"BREAKING: #Ferguson both lanes of W Florissant Ave blocked again, crowd chanting ""They say get back, we say fuck that"" tact teams driving up"
89,500197999205965824,1,0,0,0.11907219686481334,0.8809278031351867,True,correct,0.38092780313518665,词项'police chief'(0.561)；词项'chief'(0.403)；词项'condemns'(0.335),词项'in hashtag_ferguson'(0.757)；词项'ferguson URL'(0.638)；词项'ferguson'(0.216),St. Louis police chief condemns military tactics being used in #Ferguson http://t.co/6jmeZutuoe
90,500292129802186752,1,0,0,0.025474246709250775,0.9745257532907492,True,correct,0.4745257532907492,字符片段'ect'(0.171)；词项'in'(0.154)；词项'follow'(0.127),词项'in hashtag_ferguson'(0.917)；词项'on the'(0.560)；词项'ferguson'(0.262),"Follow Amnesty delegation on the ground in #Ferguson to observe, collect testimony http://t.co/srQ7W2vAyx"
91,499658267493019651,1,0,0,0.12576354784756427,0.8742364521524357,True,correct,0.37423645215243573,词项'so'(0.362)；字符片段'so'(0.231)；词项'URL hashtag_tcot'(0.218),词项'do'(0.353)；词项'URL'(0.248)；字符片段'e's'(0.209),Great Minds Think Alike But So Do DUMBASSES! Jesse Jackson: There's a '#Ferguson' near U http://t.co/PIlkbY2YB6 #tcot http://t.co/RRz31Fqc1m
92,498602787614511104,1,0,0,0.015916208271880457,0.9840837917281196,True,correct,0.48408379172811955,词项'now'(0.639)；词项'now in'(0.600)；字符片段'now'(0.531),词项'in hashtag_ferguson'(1.269)；词项'ferguson URL'(1.069)；词项'happening'(0.617),Happening now in #Ferguson http://t.co/w8r9FTl4Kb
93,498271531386953728,1,0,0,0.03520290201158652,0.9647970979884135,True,correct,0.4647970979884135,字符片段'men'(0.212)；词项'make'(0.195)；字符片段'thre'(0.168),词项'ferguson URL'(0.602)；词项'us'(0.430)；词项'is'(0.368),"Reminder that this is legal, but young unarmed black men are threatening and make us ""uncomfortable""  #Ferguson http://t.co/VbRyW7J9nR"
94,498507730395484160,1,0,0,0.04480716183125069,0.9551928381687493,True,correct,0.45519283816874934,词项'the shooting'(0.560)；字符片段'sho'(0.364)；词项'body'(0.277),词项'in hashtag_ferguson'(0.600)；词项'all'(0.536)；词项'should'(0.390),The shooting in #Ferguson highlights why the federal government should be underwriting body cams for all cops rather than military gear.
95,499703033174179840,1,0,0,0.1478753472161192,0.8521246527838808,True,correct,0.35212465278388083,词项'down'(0.564)；词项'trying to'(0.371)；词项'trying'(0.316),词项'again'(1.032)；词项'is'(0.309)；词项'like'(0.260),"Jammers used again. Both livestreams went down again, looks like police is trying to hide something. #Ferguson"
96,499655869412286464,1,0,0,0.14404050426187287,0.8559594957381271,True,correct,0.35595949573812713,词项'he'(0.223)；字符片段'2'(0.220)；词项'URL hashtag_tcot'(0.197),词项'URL'(0.228)；词项'anti'(0.215)；词项'ferguson'(0.185),"Anti-Gunners Donated $500k+ 2 Defeat Pro-Gun Sheriff, He Won Anyway! http://t.co/KdWIsaSDhT #tcot #2A #Ferguson #NRA http://t.co/9LQkU5JOlv"
97,499688532391526400,1,0,0,0.08028061228059948,0.9197193877194005,True,correct,0.41971938771940054,词项'now'(0.424)；词项'personnel'(0.415)；字符片段'now'(0.250),词项'armed police'(0.597)；词项'armed'(0.517)；词项'ferguson'(0.240),#Ferguson heavily armed police in military gear arriving on armed personnel carriers now http://t.co/GbGdrhZBlM
98,499488337338843137,1,0,0,0.018267646610388502,0.9817323533896115,True,correct,0.4817323533896115,字符片段'rea'(0.177)；字符片段':'(0.149)；字符片段're'(0.134),词项'ferguson URL'(0.571)；词项'photo'(0.482)；词项'rt'(0.439),Is that a bag of chips?! #REAL RT @GinoTheGhost: May be the dopest photo of the year #Ferguson http://t.co/ZxF3zhbjHb
99,499705599454883840,1,0,0,0.096635916148012,0.903364083851988,True,correct,0.403364083851988,词项'even'(0.603)；词项'then'(0.471)；词项'they'(0.342),词项're'(0.671)；词项'our'(0.345)；词项'they re'(0.328),"Looking at #Ferguson and feeling anger, then helplessness, then more anger. They're not even pretending to acknowledge our humanity."
100,499706059691663360,1,0,0,0.08201828952788273,0.9179817104721173,True,correct,0.4179817104721173,词项'down'(0.516)；词项'watch'(0.237)；字符片段'stre'(0.210),词项'my'(0.568)；字符片段'my'(0.337)；词项'trained'(0.263),"Tears streaming down my face as I watch little kids stepping and chanting ""justice for #MikeBrown"" with rifles trained on them. #Ferguson"
101,498504673339666432,1,0,0,0.011020050926728841,0.9889799490732711,True,correct,0.48897994907327114,字符片段'tre'(0.253)；字符片段'mi'(0.118)；字符片段'men'(0.096),词项'ferguson URL'(0.971)；词项'help'(0.607)；词项'this'(0.429),This would help tremendously. #mikebrown #Ferguson http://t.co/FNVnuZLWd1
102,499698357397237762,1,0,0,0.08008647082918653,0.9199135291708135,True,correct,0.4199135291708135,词项'they'(0.489)；字符片段'they'(0.400)；词项'do with'(0.328),词项'in hashtag_ferguson'(0.539)；词项'those'(0.392)；词项'don'(0.382),Those cops on line in #Ferguson don't have riot shields and batons. They have rifles. The only thing they can do with those is shoot people.
103,500320286341099523,1,0,0,0.023358210384537347,0.9766417896154627,True,correct,0.47664178961546266,词项'ferguson is'(0.347)；字符片段'lly'(0.147)；字符片段'co'(0.143),词项'all'(0.808)；词项'is'(0.465)；词项'white'(0.428),"#Ferguson is 60% black, but virtually all its cops are white. http://t.co/U7Yk4s4nyE http://t.co/gHlnoPH4dK"
104,500430673099104256,1,0,0,0.18678064791181784,0.8132193520881822,True,correct,0.3132193520881822,词项'him'(0.537)；词项'time'(0.457)；字符片段'him'(0.401),词项'wake'(0.397)；字符片段'wake'(0.293)；词项'is'(0.289),"Wake up. Whenever a black man is killed by police, they try to make him a Saint/Martyr. 99% of the time he's a POS #Thug. #Ferguson"
105,499665704300191745,1,0,0,0.020123405712077724,0.9798765942879223,True,correct,0.4798765942879223,字符片段'stat'(0.243)；字符片段'sta'(0.230)；字符片段'ted'(0.200),词项'about'(0.936)；词项'of hashtag_ferguson'(0.477)；词项'URL'(0.358),"More startling statistics about the segregated population of #Ferguson, Mo. http://t.co/uYrldQHoj7 http://t.co/vgxuLMYDhz"
106,500074069354905600,1,0,0,0.06482974824557954,0.9351702517544205,True,correct,0.4351702517544205,词项'now'(0.424)；字符片段'now'(0.288)；字符片段'mich'(0.264),词项'ferguson hashtag_michaelbrown'(0.479)；词项'right'(0.342)；词项'right now'(0.336),Times Square right now for #Ferguson #MichaelBrown http://t.co/m0e1eFJet2
107,500186504279625728,1,0,0,0.07163455247348285,0.9283654475265172,True,correct,0.4283654475265172,字符片段'su'(0.185)；字符片段'ted'(0.155)；词项'in'(0.126),词项'ferguson URL'(0.626)；词项'URL'(0.262)；词项'square'(0.224),4 arrested in Times Square after march supporting #Ferguson http://t.co/I40SlR3Jbm #NMOS14 http://t.co/QRT7VzEiRe
401,500296158476906496,1,1,1,0.8863852413973504,0.8863852413973504,True,correct,0.3863852413973504,词项'cigars'(1.012)；词项'store'(0.897)；词项'fbi'(0.555),词项'ferguson shooting'(0.476)；词项'shooting'(0.358)；词项'from'(0.261),"Witness to #Ferguson shooting atty confirms Brown took cigars from store.  Client told FBI he ""did take cigarillos"" http://t.co/j9BARBU0c7"
