row_index,id,event,label,local_pred,prob_rumor,review_label,llm_confidence,review_source,would_rescue_false_negative,would_create_false_positive,reason,similar_examples,text
68,499703156889362432,1,0,0,0.49756432516257254,0,0.85,cache,False,False,推文内容与相似训练样本高度一致，且所有相似样本均为非谣言；文本无明确虚假或煽动线索，本地模型概率接近边界但证据不足支持改为谣言。,"[{""label"": 0, ""similarity"": 1.2844, ""text"": ""Moments ago, in #Ferguson RT @BmoreConetta: State senator Maria Chapelle Nadal taken into police custody""}, {""label"": 0, ""similarity"": 0.5683, ""text"": ""State Senator asks the #Ferguson police chief if she's going to be gassed again. http://t.co/jIKa6ZqlX0""}, {""label"": 0, ""similarity"": 0.55, ""text"": ""RT @AntonioFrench: State Senator asks the #Ferguson police chief if she's going to be gassed again. https://t.co/nOjU8ikmr2""}, {""label"": 0, ""similarity"": 0.5324, ""text"": ""Wow  RT @AntonioFrench: State Senator asks the #Ferguson police chief if she's going to be gassed again. https://t.co/wgnDJbEaGV""}]",#BREAKING: State Senator Maria Chapelle Nadal has been taken into police custody; she had been tear-gassed at an earlier protest. #Ferguson
167,580329219646988289,4,0,0,0.4926038250508155,0,0.85,cache,False,False,推文为客观位置陈述，本地模型证据偏向非谣言（如'alps URL'得分0.43），且相似训练样本中多数（3/4）为非谣言，仅一个谣言样本因BREAKING用语可能被标注，不足以支持覆盖。,"[{""label"": 1, ""similarity"": 1.0007, ""text"": ""BREAKING: 148 passengers were on board #GermanWings Airbus A320 which has crashed in the southern French Alps http://t.co/VxxvrU9XmV""}, {""label"": 0, ""similarity"": 0.9998, ""text"": ""Here's what we know so far about the #Germanwings flight that crashed in the French Alps http://t.co/3cruv6QIyv http://t.co/7QmHuwhkRi""}, {""label"": 0, ""similarity"": 0.8768, ""text"": ""Last position Germanwings A320 via @flightradar24 http://t.co/kJ5F9vlNQs""}, {""label"": 0, ""similarity"": 0.8737, ""text"": ""Germanwings Airbus A320 crashes in French Alps - live updates http://t.co/ZCHyZHUQ6Y""}]",Last position of the #GermanWings Airbus A320 passenger jet that crashed in the French Alps http://t.co/8UPMsinQkX http://t.co/K3etnEPmxk
261,544411561205301248,5,0,0,0.48626002677139923,0,0.75,cache,False,False,推文为一般性新闻声明，本地模型判为非谣言且相似训练样本多数为0，仅一个谣言样本但内容高度一致却无额外谣言线索，证据不足，应保持0。,"[{""label"": 1, ""similarity"": 0.8458, ""text"": ""Grand Mufti of Australia statement condemning #SydneySiege http://t.co/8juQ032EdP""}, {""label"": 0, ""similarity"": 0.7573, ""text"": ""The Grand Mufti of Australia issues a statement condemning the #sydneysiege http://t.co/9hhrKvaej5 http://t.co/eUKmoWbZUs""}, {""label"": 0, ""similarity"": 0.446, ""text"": ""The Australian Muslim community releases a statement with regard to #Sydneysiege http://t.co/TBSBYzD1xd http://t.co/HgHhpuvsWk""}, {""label"": 0, ""similarity"": 0.4451, ""text"": ""Australian Muslim community releases statement in response to #sydneysiege. http://t.co/r6UMUVGxHV""}]",The Lebanese Muslim Association has issued a statement condemning #sydneysiege and calling for calm. http://t.co/z2hCIBPaha
279,544434192478519297,5,0,0,0.45788463154558373,0,0.8,cache,False,False,推文描述人质关灯情景，与三个相似非谣言训练样本（0.726、0.615、0.550）高度一致，均为事件客观陈述；虽存在'hostage'等词项但未显虚假，本地模型非谣言证据略强，故应保持0。,"[{""label"": 0, ""similarity"": 0.7261, ""text"": ""Gunman in #sydneysiege switches off the lights http://t.co/5jtd36wFOU http://t.co/a4MjlUrME7""}, {""label"": 0, ""similarity"": 0.6149, ""text"": ""VIDEO: Police storm cafe in Sydney. #SydneySiege https://t.co/doIVONO5wZ""}, {""label"": 0, ""similarity"": 0.5499, ""text"": ""Images of the #SydneySiege http://t.co/dx5yyCVc9K http://t.co/wRpCfYU3sy""}, {""label"": 1, ""similarity"": 0.5398, ""text"": ""Our thoughts and prayers are with the hostages and the families in Sydney. #sydneysiege http://t.co/TYH5KaeLSA""}]",A female hostage stands by the front entrance of the cafe as she turns the lights off in Sydney. #sydneysiege http://t.co/qNfCMv9yZt
379,524964166936068097,6,0,0,0.4497034359875442,0,0.85,cache,False,False,推文为客观事件描述，局部模型证据平衡，相似训练样本中非谣言样本相似度更高，且无明显虚假或夸张线索。,"[{""label"": 0, ""similarity"": 0.766, ""text"": ""IN LOCKDOWN | Many buildings in downtown Ottawa in lockdown as shooting investigations continue: http://t.co/kKUgUz4zHC #cbcOTT #OTTnews""}, {""label"": 0, ""similarity"": 0.626, ""text"": ""Shooting investigation going on for more than 3 hours. Much of downtown Ottawa still in lockdown: http://t.co/alz6qu6Mca #cbcOTT #OTTnews""}, {""label"": 1, ""similarity"": 0.5756, ""text"": ""BREAKING | This is a photo of Michael Zehaf-Bibeau, gunman in this morning's shootings in Ottawa. #cbcOTT #OTTnews http://t.co/OLSxlYPelj""}, {""label"": 1, ""similarity"": 0.5558, ""text"": ""Police say the shooter is on roof of building at Metcalfe and Sparks 1 block from Parliament Hill #ottnews #cbcott http://t.co/ZZiMUgj69H""}]",Public servants being asked to stay inside their buildings as the active shooter investigation continues in Ottawa. #cbcOTT# OTTnews
347,524968185016360960,6,0,0,0.4344093961595457,0,0.85,cache,False,False,推文为事实性陈述（赞扬警方、描述封锁状态），相似训练样本中多为非谣言，且本地模型的谣言证据较弱，无强烈误导线索。,"[{""label"": 0, ""similarity"": 0.651, ""text"": ""#Leafs are currently in lockdown mode in a hotel in downtown #Ottawa.""}, {""label"": 1, ""similarity"": 0.572, ""text"": ""#leafs could hear shots from their rooms, I am told. #OttawaShooting""}, {""label"": 0, ""similarity"": 0.5713, ""text"": ""Leafs under lock down during tragedy in Ottawa. Our thoughts are with those on the scene http://t.co/627ve85Uhh http://t.co/qPGOrcTeve""}, {""label"": 1, ""similarity"": 0.4476, ""text"": ""The NHL has decided to postpone tonight's #sens-#leafs game in Ottawa. The right decision. The only decision.""}]","#Leafs Joffrey Lupul praises officers in Ottawa, as team remains in lock down http://t.co/OPooNxTsiv http://t.co/yBjIu2JaaP"
295,544298334354411521,5,0,0,0.43308577137367443,0,0.85,cache,False,False,推文直接引用澳大利亚总理对悉尼事件的官方反应，非谣言陈述；相似训练样本中两个非谣言样本高度匹配（官方回应），而谣言样本不构成充分证据。,"[{""label"": 0, ""similarity"": 0.5106, ""text"": ""I was briefed overnight on the siege in Sydney. It's deeply concerning and my thoughts are with all those caught up in it.""}, {""label"": 1, ""similarity"": 0.51, ""text"": ""Statement from Prime Minister Tony Abbott on Sydney hostage situation. http://t.co/MHkNRZFQWB""}, {""label"": 0, ""similarity"": 0.5086, ""text"": ""PM: I was briefed overnight on the siege in Sydney. Deeply concerning and my thoughts are with all those caught up in it.""}, {""label"": 1, ""similarity"": 0.4485, ""text"": ""#BREAKING Reported hostage-taking incident unfolding in Sydney http://t.co/Ur9ec3DtkI""}]","“This is obviously a deeply concerning incident,” Australian Prime Minister says on unfolding situation in Sydney. http://t.co/02SVSxOrFt"
346,525063393309630464,6,0,0,0.43205252536036404,1,0.75,cache,False,True,文本包含'shootings'和'Parliament Hill'等线索，且所有相似训练样本（相似度0.58-0.48）均标记为谣言，强烈支持该推文为谣言。,"[{""label"": 1, ""similarity"": 0.5815, ""text"": ""MPs credit sergeant-at-arms for saving lives in Parliament Hill shootings http://t.co/3NfiSwTwPt http://t.co/V5tIbCQgj9""}, {""label"": 1, ""similarity"": 0.5118, ""text"": ""Video: Reporter captures shoot-out in Ottawa's Parliament Hill building. Watch: http://t.co/BIemkWAVtc http://t.co/d0BakjCrAB""}, {""label"": 1, ""similarity"": 0.5006, ""text"": ""RAW VIDEO : Parliament Hill shooting. Video from inside Parliament Hill after shots were fired. #breaking http://t.co/sIwoId5RoH #CBCNews""}, {""label"": 1, ""similarity"": 0.4837, ""text"": ""Dramatic video of gunfire from inside Parliament Hill: http://t.co/8xCefbbnZa http://t.co/SYydkfOxAI""}]",VIDEO: Key moments in today's Parliament Hill shootings. http://t.co/kR1mIPoJJg http://t.co/6gYfgPTH7q
309,525058976376193024,6,1,0,0.43006378980435356,0,0.85,cache,False,False,推文内容为常规哀悼表述，本地模型非谣言证据（如'thoughts'）合理；相似训练样本中多数为非谣言，唯一谣言样本相似度仅0.674且主题相近但未提供具体谣言线索，不足以支持覆盖为谣言。,"[{""label"": 0, ""similarity"": 0.878, ""text"": ""My thoughts and prayers go out to Ottawa.""}, {""label"": 1, ""similarity"": 0.6741, ""text"": ""Thoughts go out to the family of Nathan Cirillo, 24, who was just identified as the soldier killed in Ottawa today. http://t.co/MMkW0iVIDL""}, {""label"": 0, ""similarity"": 0.6346, ""text"": ""Thoughts and prayers go out to everyone downtown Ottawa right now. #PrayForOttawa Special thanks to the officers protecting us.""}, {""label"": 0, ""similarity"": 0.6251, ""text"": ""My thoughts and prayers go out to the people affected in the #sydneysiege""}]",Our thoughts and prayers go out to Nathan Cirillo who died today in Ottawa while protecting his country at age 24 http://t.co/PfwasSALPX
383,524977767688200192,6,0,0,0.4242900886944542,0,0.85,cache,False,False,推文使用了'UPDATE'和'officially cancelled'等官方通告用语，且相似训练样本中三个非谣言样本相似度更高（0.55/0.53/0.52），仅有的一条谣言样本相似度仅0.49，证据不足以支持改为谣言。,"[{""label"": 0, ""similarity"": 0.5521, ""text"": ""A reminder for those observing the shooting on Parliament Hill: DO NOT tweet police locations and movements #ottcity #ottawa""}, {""label"": 0, ""similarity"": 0.5339, ""text"": ""Stay safe Ottawa.""}, {""label"": 0, ""similarity"": 0.5212, ""text"": ""If you have pictures or video of the suspect, email them NatDiv_Media_DivNat@rcmp-grc.gc.ca #ottawa #ottcity #ottnews""}, {""label"": 1, ""similarity"": 0.4935, ""text"": ""Shooting in downtown Ottawa, police evacuating Rideau Centre and closing off Wellington. Stay safe #uOttawa students""}]","UPDATE: #uOttawa courses + exams officially cancelled for the whole day. Lockdown still in effect. Stay indoors, stay safe #Ottawa #ottcity"
272,544316684736028673,5,0,0,0.42101147495510033,0,0.85,cache,False,False,推文缺乏具体事件陈述，仅为情绪化评论和呼吁严惩，没有明确谣言指控；相似训练样本中谣言类虽提到悉尼事件但推文本体未提供可验证虚假细节，线索不足以覆盖本地模型判断。,"[{""label"": 0, ""similarity"": 0.3991, ""text"": ""Praying for #Sydney. These crazies have no idea what Islam is, yet have the hubris to “act in the name of” it. Despicable.""}, {""label"": 0, ""similarity"": 0.3692, ""text"": ""Justice Served: Michael Dunn gets life in prison for shooting unarmed Jordan Davis: http://t.co/rqU5yc1xLC Now what? http://t.co/uuWl3y36vz""}, {""label"": 1, ""similarity"": 0.3611, ""text"": ""Pray with me for those being held hostage right now in Sydney.. And for the police and those responsible.. May peace prevail""}, {""label"": 1, ""similarity"": 0.2794, ""text"": ""Maybe hard hitting @foxnews should be covering what's going on in #Ferguson, Mo. instead of fat shaming the First Lady??""}]","Man what on Earth is going on in Sydney. Despicable. Life in prison no parole for the idiots responsible, set a hard line, no tolerance."
10,500360018928353280,1,1,0,0.4065197684865757,0,0.8,cache,False,False,推文仅陈述律师建议，无虚假信息或谣言特征，且相似标签1样本相似度较低（0.3512），不足以支持改为谣言。,"[{""label"": 0, ""similarity"": 0.473, ""text"": ""#Ferguson: Statement from lawyers for Michael Brown's parents  http://t.co/JIMN4Gx7Fw http://t.co/uRGdD6MlSg""}, {""label"": 1, ""similarity"": 0.3512, ""text"": ""Educated guess: possible reason they didn't release shooter's incident report--he didn't write one on advice of his lawyer. #Ferguson""}, {""label"": 0, ""similarity"": 0.3395, ""text"": ""The @latimes reports on #Ferguson - http://t.co/p69w3eaHpb http://t.co/3DtEAVnpkW""}, {""label"": 1, ""similarity"": 0.3366, ""text"": ""Reports the #SydneySiege gunman wants to speak to Tony Abbott. http://t.co/HNY7NGZa9F http://t.co/wvVGxDFIYh""}]",Lawyers for police in bad shootings often advise shooters not to write reports or even speak to commanders or investigators. #Ferguson
28,500334308867858432,1,0,0,0.39820544906882205,0,0.7,cache,False,False,推文仅为数字陈述，缺乏明显讽刺或质疑语境；本地模型非谣言证据（hashtag_ferguson）得分较高，且相似训练样本中非谣言样例占多数，不足以强烈支持谣言。,"[{""label"": 1, ""similarity"": 0.6269, ""text"": ""Cigarettes on Staten Island. Cigars in #Ferguson. Are these seriously enough to take a life?""}, {""label"": 0, ""similarity"": 0.5073, ""text"": ""Right now in #ferguson https://t.co/M0yp0a2Wwv""}, {""label"": 0, ""similarity"": 0.4866, ""text"": ""Morning in #Ferguson http://t.co/UzDihpw6M5""}, {""label"": 0, ""similarity"": 0.4532, ""text"": ""Whoa #ferguson http://t.co/JSNZrnFMp5""}]",Fyi cigars in #Ferguson cost $38 million.
204,544377700677615616,5,1,0,0.39455620968577304,0,0.7241,cache,False,False,推文报道#SydneySiege中5人离开咖啡馆，本地模型非谣言证据更强，且内容类似新闻进展，未提供足够强烈谣言线索。,"[{""label"": 1, ""similarity"": 0.6731, ""text"": ""5 people so far have fled Sydney cafe. Unknown number of hostages still inside. http://t.co/TSrJhOhW15 #sydneysiege""}, {""label"": 1, ""similarity"": 0.5983, ""text"": ""#breaking a number of people appear to have just fled the scene of the #Sydneysiege. Lots of screaming.""}, {""label"": 1, ""similarity"": 0.5927, ""text"": ""Total 5 hostages have left Lindt #MartinPlace; 3 men, 2 women. LIVE: http://t.co/Ni4ouWAGoO. #SydneySiege #9News http://t.co/CKB2uLPHVd""}, {""label"": 0, ""similarity"": 0.5768, ""text"": ""VIDEO: Police storm cafe in Sydney. #SydneySiege https://t.co/doIVONO5wZ""}]",Total number of people who have left the cafe in Sydney up to 5. The latest: http://t.co/Nl3BNlFidA #SydneySiege http://t.co/TgZkYFNlR9
271,544391790615605249,5,0,0,0.3938966030462465,0,0.3,cache,False,False,推文为总理发表声明的客观报道，无虚假或夸大线索；相似训练样本中谣言多为未证实传闻，而本推文是事实性陈述，缺乏强烈谣言证据。,"[{""label"": 1, ""similarity"": 0.7245, ""text"": ""Prime Minister Tony Abbott's statement on the #SydneySiege. Updates: http://t.co/EgWHAnjO35 http://t.co/AGhyN5Qkei""}, {""label"": 0, ""similarity"": 0.6527, ""text"": ""Australian PM Tony Abbott says it is unclear if #sydneysiege is politically motivated http://t.co/ejBnff6KdW http://t.co/N2VAkBcaqE""}, {""label"": 0, ""similarity"": 0.6005, ""text"": ""PM Tony Abbott has just provided an update on #SydneySiege. Here's the transcript: http://t.co/AxXP3md4KT""}, {""label"": 1, ""similarity"": 0.5964, ""text"": ""Reports the #SydneySiege gunman wants to speak to Tony Abbott. http://t.co/HNY7NGZa9F http://t.co/wvVGxDFIYh""}]","""Profoundly shocking"" -Australia PM Tony Abbott delivers second  #sydneysiege statement. MORE: http://t.co/VaKt3ZpRZR http://t.co/I9VOzKLcET"
8,500290456845299714,1,1,0,0.38829685399277825,0,0.75,cache,False,False,推文以讽刺语气质疑警署估价，但未提供明确虚假陈述，且相似训练样本中谣言与非谣言标签的相似度接近，证据不足以支持改为谣言。,"[{""label"": 1, ""similarity"": 0.3324, ""text"": ""The surveillance photos, the police report, and this witness account. #Ferguson http://t.co/Sbx9tfA5FA http://t.co/JGgtaXYOxz""}, {""label"": 0, ""similarity"": 0.3273, ""text"": ""The @latimes reports on #Ferguson - http://t.co/p69w3eaHpb http://t.co/3DtEAVnpkW""}, {""label"": 1, ""similarity"": 0.3242, ""text"": ""Look at his arrive time on the report. This man was still in the store. Exlplain this. #Ferguson #FergusonShooting http://t.co/caOWNddXxa""}, {""label"": 0, ""similarity"": 0.3171, ""text"": ""Full *Redacted* police report on #MikeBrown and #Ferguson http://t.co/Tn27pdWOVq""}]",Here's the police report. Somehow #Ferguson cops valued a box of Swishers at nearly $50. Time to stop smokin I guess http://t.co/8ZkvrHkApc
50,499536812109742080,1,0,0,0.3846781917366697,0,0.85,cache,False,False,推文是对媒体关注差异的评论，没有具体虚假陈述；相似训练样本均判为非谣言，且本地模型非谣言证据分数高于谣言证据。,"[{""label"": 0, ""similarity"": 0.372, ""text"": ""No Skittles, Arizona Iced Tea, Cops On Scene. Another Black Teen Dead. Whats Their Excuse Now?. #Ferguson #MikeBrown http://t.co/d0CvLFAnQK""}, {""label"": 0, ""similarity"": 0.3719, ""text"": ""Unarmed teen killed by cops isn't the headline but calling black people \""ANGRY MOB!\"" is, that tells you everything about the media #Ferguson""}, {""label"": 0, ""similarity"": 0.3551, ""text"": ""LAPD kills young black man days after #Ferguson shooting http://t.co/3uEQTOPBWo http://t.co/gfJixdRY8t""}, {""label"": 0, ""similarity"": 0.3431, ""text"": ""The @latimes reports on #Ferguson - http://t.co/p69w3eaHpb http://t.co/3DtEAVnpkW""}]",The fact that while we've been focused on #Ferguson another black man was killed by cops in LA and it barely made the news says a lot.
155,580327576218046464,4,0,0,0.3841933094374341,0,0.6,cache,False,False,推文使用标准新闻格式并包含URL，本地模型非谣言证据（如'alps URL'得分0.6244）高于谣言证据；相似训练样本中既有谣言也有非谣言，但非谣言样本与输入更贴近普通新闻报道，因此保持非谣言判断。,"[{""label"": 1, ""similarity"": 1.0189, ""text"": ""VIDEO -  BREAKING NEWS - Germanwings Airbus crashes in the French Alps with 148 onboard http://t.co/C2fJV2Uapu http://t.co/y0RoEPBMqM""}, {""label"": 1, ""similarity"": 1.0133, ""text"": ""BREAKING: Germanwings Airbus A320 crashes in French Alps | via @BBCBreaking""}, {""label"": 0, ""similarity"": 0.9684, ""text"": ""NEWS Germanwings flight crashes in south of France http://t.co/Iy99ucFqQ0""}, {""label"": 0, ""similarity"": 0.9334, ""text"": ""Germanwings Airbus A320 crashes in French Alps - live updates http://t.co/ZCHyZHUQ6Y""}]",BREAKING NEWS: Germanwings flight GWI18G crashes in French Alps: http://t.co/v8yssTEbHR http://t.co/GA8ZdGUq30
170,580328297462140928,4,0,0,0.38270728460594783,0,0.85,cache,False,False,推文仅为客观陈述坠机事实，无夸大或虚假表述；相似谣言样本均含伤亡数量等恐慌性措辞，而本推文不具有此类线索。,"[{""label"": 1, ""similarity"": 0.7343, ""text"": ""Passenger plane carrying 148 people crashes in the French Alps en route from Spain to Germany. #Germanwings""}, {""label"": 0, ""similarity"": 0.6543, ""text"": ""Crashed #GermanWings A320 Airbus is 24 years old, ID D-AIPX, first flight was in November 1990 http://t.co/8UPMsinQkX http://t.co/3ggahAQ3Pu""}, {""label"": 1, ""similarity"": 0.6159, ""text"": ""BREAKING: 148 feared dead in crashed #Germanwings flight http://t.co/bnEGQsxBFL""}, {""label"": 0, ""similarity"": 0.6118, ""text"": ""#GermanWings A320 Airbus 24 yrs old, first flight was in November 1990 http://t.co/zU6hn03xzU #4U9525 http://t.co/picb9shVF2""}]",#Germanwings Airbus A320 flight was travelling from Spain to Germany when it crashed. http://t.co/EDoH4hAD7w http://t.co/ODxFHTAWY9
291,544286688436969472,5,0,0,0.37829801905999044,0,0.9,cache,False,False,推文仅表达对悉尼马丁广场事件的主观担忧，未包含具体事实断言或虚假信息；相似训练样本中高相似度的非谣言样本与推文情感一致，而谣言样本涉及具体指控（ISIS旗、照片），与当前文本不符。,"[{""label"": 0, ""similarity"": 0.6692, ""text"": ""My thoughts are with the people in Sydney right now""}, {""label"": 1, ""similarity"": 0.5962, ""text"": ""RT @tomsteinfort: Terrifying photo of hostages in Martin Place in Sydney, being held by men waving an ISIS flag http://t.co/CRqVuAd0PN""}, {""label"": 1, ""similarity"": 0.5962, ""text"": ""RT @tomsteinfort: Terrifying photo of hostages in Martin Place in Sydney, being held by men waving an ISIS flag http://t.co/nJYpN3eTKu""}, {""label"": 0, ""similarity"": 0.5655, ""text"": ""Terrifying news of the #sydneysiege back home. Thinking of our country and it's people.""}]","thinking of the people in Martin Place in Sydney right now, and for the police, etc having to deal with the situation. so terrifying"
386,535270217689993216,0,1,0,0.362892147202043,0,0.6,cache,False,False,推文陈述心理评估结果，非谣言证据中'not'、'gurlitt'等词项得分较高，相似训练样本中有非谣言样本（相似度0.5917）支持，缺少强烈谣言线索。,"[{""label"": 1, ""similarity"": 0.595, ""text"": ""Swiss museum confirms it will take on #Gurlitt collection""}, {""label"": 0, ""similarity"": 0.5917, ""text"": ""Swiss Museum: #Gurlitt collection will be researched according to Washington Principles; looted works will be restituted.""}, {""label"": 0, ""similarity"": 0.5046, ""text"": "".@KunstmuseumBern goes to Berlin today. http://t.co/P2OPRLlKev #Gurlitt""}, {""label"": 1, ""similarity"": 0.4937, ""text"": ""#BREAKING - Museum of Fine Arts Bern to accept #Gurlitt art collection.""}]",According to psychiatric evaluation #Gurlitt not mentally fit to write will bequeathing paintings to museum http://t.co/EF3WSuyVPT
242,544520344976232449,5,0,0,0.36025517359967746,0,0.85,cache,False,False,推文使用'confirm'明确官方确认结束，与相似非谣言样本'Police have confirmed Sydney hostage taking is over'一致，缺乏谣言所需的不确定性线索。,"[{""label"": 1, ""similarity"": 0.9387, ""text"": ""BREAKING: Australian police say #SydneySiege is over; cannot confirm status of gunman""}, {""label"": 0, ""similarity"": 0.8687, ""text"": ""#BREAKING: Police have confirmed Sydney hostage taking is over. #Sydneysiege""}, {""label"": 1, ""similarity"": 0.8645, ""text"": ""#BREAKING Australian police say responding to 'incident' at Sydney Opera House""}, {""label"": 0, ""similarity"": 0.8343, ""text"": ""#BREAKING: Australian police have named the suspect in the Sydney siege: Islamic leader Sheik Man Haron Monis http://t.co/yoFrfF1AHQ""}]",#BREAKING: Australian police confirm Sydney siege is over
292,544348392944463872,5,0,0,0.35790820712942617,0,0.95,cache,False,False,推文仅报道澳洲伊斯兰教理事会谴责悉尼围困事件，为正常新闻陈述，本地非谣言证据如'sydney siege'和'imams'得分高于谣言证据，且相似训练样本中两条非谣言推文结构与内容相近，缺乏明显虚假指控。,"[{""label"": 1, ""similarity"": 0.63, ""text"": ""PM Modi condemns Sydney hostage crisis  http://t.co/Ihl4Dxc7Ub http://t.co/3odOw6yBp3""}, {""label"": 0, ""similarity"": 0.5223, ""text"": ""#BREAKING More than 40 Australian Muslim groups condemn Sydney cafe siege""}, {""label"": 0, ""similarity"": 0.4656, ""text"": ""#BREAKING: Australian police have named the suspect in the Sydney siege: Islamic leader Sheik Man Haron Monis http://t.co/yoFrfF1AHQ""}, {""label"": 1, ""similarity"": 0.4545, ""text"": ""Aussie grand mufti &amp; Imam Council condemn #Sydneysiege hostage capture http://t.co/m51P8dUPhB - LIVE UPDATES http://t.co/tTw3kMkYTZ""}]",BREAKING: Australian National Imams Council condemns Sydney siege http://t.co/qFdU4gHjAE
376,524946461621235712,6,0,0,0.3529107242810623,0,0.7,cache,False,False,推文仅为原始视频描述，本地模型非谣言证据（如“shooting URL”得分0.7199）较强，相似训练样本中有两个非谣言样本（相似度0.5225和0.5）内容相似，证据不足以强烈支持谣言。,"[{""label"": 1, ""similarity"": 1.1413, ""text"": ""RAW VIDEO : Parliament Hill shooting. Video from inside Parliament Hill after shots were fired. #breaking http://t.co/sIwoId5RoH #CBCNews""}, {""label"": 0, ""similarity"": 0.5225, ""text"": ""Shooting at the war memorial in Ottawa. http://t.co/1Z0p4Mj5Vw""}, {""label"": 0, ""similarity"": 0.5, ""text"": ""Police with guns drawn at seen of war memorial shooting. @ctvottawa http://t.co/QP3k6mqqH9""}, {""label"": 1, ""similarity"": 0.3671, ""text"": ""Soldier shot at National War Memorial in Ottawa http://t.co/9jLwNdsKp2 http://t.co/0a3tmPyUw9""}]",RAW VIDEO War Memorial shooting. http://t.co/c9wCpS2Af9 #cbcnews
288,544336572141694976,5,0,0,0.3492436939936335,0,0.85,cache,False,False,相似训练样本全部为非谣言，且推文仅为事件进展描述，缺乏谣言典型特征。,"[{""label"": 0, ""similarity"": 0.9707, ""text"": ""A crowd gathers near Martin Place. #sydneysiege http://t.co/7NdqPYhwcY @JezNews http://t.co/hCgUyOcuhn""}, {""label"": 0, ""similarity"": 0.7619, ""text"": ""BREAKING: Police say the hostage situation in Sydney is over: http://t.co/pFI0hfrn0j #sydneysiege http://t.co/SMAlQQgCtH""}, {""label"": 0, ""similarity"": 0.5728, ""text"": ""Why a hostage situation is neither the time nor place for selfies #sydneysiege http://t.co/AYGnzNVxOX http://t.co/yhHldK5Wne""}, {""label"": 0, ""similarity"": 0.5568, ""text"": ""A hostage situation at a Sydney cafe has come to an end, after police stormed the scene. Live updates: http://t.co/Z6JPQTstYO #Sydneysiege""}]",#SYDNEYSIEGE: Crowd gathers at police cordon in anticipation of news on hostage situation  http://t.co/2zFjvlPC1n http://t.co/YW5zGPMEWS
388,535721996391178242,0,1,0,0.34727471533151033,0,0.85,cache,False,False,推文为新闻式陈述，本地模型非谣言证据（如词项'gurlitt'）较强；相似训练样本中最高相似度（0.7084）为0，且未发现强烈谣言线索。,"[{""label"": 0, ""similarity"": 0.7084, ""text"": ""Swiss museum to say today whether it accepts Nazi-era art hoard @AFP http://t.co/ZrnSMxC4YO #Gurlitt""}, {""label"": 1, ""similarity"": 0.6637, ""text"": ""Swiss museum confirms it will take on #Gurlitt collection""}, {""label"": 0, ""similarity"": 0.6289, ""text"": ""Swiss Museum will take part in provenance research of #Gurlitt collection with the goal of swiftly clarifying questions re Nazi-looted art""}, {""label"": 1, ""similarity"": 0.6121, ""text"": ""Swiss museum will accept Gurlitt art trove http://t.co/daVvhdjLd1""}]","Swiss museum close to accepting #Gurlitt bequest, returning any #Nazi-looted pieces http://t.co/eCo07tfpkF via @WSJ"
165,580319983676313601,4,0,0,0.33655704459164265,0,0.95,cache,False,False,推文为关于德国之翼航班的事件描述，语气客观且附有URL，类似训练样本均为非谣言报道，无谣言线索。,"[{""label"": 0, ""similarity"": 0.4065, ""text"": ""Praying for Germanwings A320 passengers &amp; their families &gt;   http://t.co/Ug4ULnF6XL  #germanwings #A320""}, {""label"": 0, ""similarity"": 0.3828, ""text"": ""Location of #Germanwings plane crash. http://t.co/9a9ZLDN4o7""}, {""label"": 0, ""similarity"": 0.3788, ""text"": ""#Germanwings plane crash: what we know so far http://t.co/q1I8tkghmf http://t.co/Lywc9MHPgj""}, {""label"": 0, ""similarity"": 0.3433, ""text"": ""Flightpath of Germanwings A320 http://t.co/SHVkyEy4Ug http://t.co/aZouLEdgeI""}]",#Últimahora Es tracta d'un aparell de Germanwings amb 152 passatgers a bord http://t.co/hT5BhpuGuv
214,544296671950020609,5,1,0,0.3360829124025597,0,0.85,cache,False,False,推文仅引用推测性报告且本身未传播虚假信息，相似训练样本中虽有谣言但内容不同，缺乏明确谣言线索。,"[{""label"": 0, ""similarity"": 0.6834, ""text"": ""Weep for media credibility. The Australian's @SharriMarkson was tweeting Channel 9 reports of 2GB Ray Hadley's 'rumours.' #SydneySiege""}, {""label"": 1, ""similarity"": 0.6383, ""text"": ""3 people appear to escape from Lindt Cafe in Sydney, @abcnews reports. #SydneySiege http://t.co/HFOY0ctLNV http://t.co/SdHLGo6pzY""}, {""label"": 0, ""similarity"": 0.5596, ""text"": ""Latest update on the situation in Martin Place from @nswpolice #SydneySiege http://t.co/q9PlmuiAEs""}, {""label"": 0, ""similarity"": 0.517, ""text"": ""Images of the #SydneySiege http://t.co/dx5yyCVc9K http://t.co/wRpCfYU3sy""}]",From @guardian on Ray Hadley's speculative reports: #sydneysiege http://t.co/qRXKjmJZyq
232,544343625069379584,5,0,0,0.3355246174603654,0,0.75,cache,False,False,推文描述现场情况，提及'hostage situation'但无明显虚假或恶意特征；三个高相似度训练样本均为非谣言，唯一一个谣言样本内容不同。证据不足，维持本地模型判断。,"[{""label"": 0, ""similarity"": 0.6145, ""text"": ""BREAKING: Police say the hostage situation in Sydney is over: http://t.co/pFI0hfrn0j #sydneysiege http://t.co/SMAlQQgCtH""}, {""label"": 0, ""similarity"": 0.4863, ""text"": ""Why a hostage situation is neither the time nor place for selfies #sydneysiege http://t.co/AYGnzNVxOX http://t.co/yhHldK5Wne""}, {""label"": 0, ""similarity"": 0.482, ""text"": ""Latest update on the situation in Martin Place from @nswpolice #SydneySiege http://t.co/q9PlmuiAEs""}, {""label"": 1, ""similarity"": 0.48, ""text"": ""Two women have emerged from the Lindt cafe in #Sydney. Five hostages are now out #sydneysiege http://t.co/4MUc9ivwbK http://t.co/oVrob5DLD3""}]",Two young guys have arrived and are swigging from bottles of white wine. This is a hostage situation #sydneysiege http://t.co/nwGAIcqt3S
172,580340024736116736,4,0,0,0.3295081880575829,1,0.72,cache,False,True,推文直接引用'No survivors'，且三个高度相似训练样本（相似度0.976、0.894、0.757）均被标记为谣言，文本线索与训练样本均强烈支持谣言判断。,"[{""label"": 1, ""similarity"": 0.9759, ""text"": ""'No survivors' in #Germanwings crash says French transport minister adding it crashed after pilot issued distress signal in good weather""}, {""label"": 1, ""similarity"": 0.894, ""text"": ""French junior minister for Transport Alain Vidalies confirms they are no survivors in the #Germanwings #A320 crash. http://t.co/ZLIz1oY8wF""}, {""label"": 0, ""similarity"": 0.8128, ""text"": ""French president Hollande does not expect survivors from #Germanwings plane crash http://t.co/0YLB5DTeso http://t.co/UK8LVyuBbN""}, {""label"": 1, ""similarity"": 0.7565, ""text"": ""French president: No survivors likely in Germanwings crash http://t.co/ZCVYX4B1lQ""}]","""No survivors"" from #Germanwings crash in the Alps, French transport minister says http://t.co/iw1QLzJQKW http://t.co/Q0ssqcSKp2"
225,544518033902149632,5,1,0,0.3280307875236958,0,0.85,cache,False,False,推文为客观新闻转述，引用NBC和7News，未出现异常或虚假描述；相似训练样本中多为非谣言报道，谣言证据不充分。,"[{""label"": 0, ""similarity"": 0.4892, ""text"": ""Authorities have confirmed that #sydneysiege is now over after police storm the building: http://t.co/IrteddYrbH http://t.co/w8i1njo5xH""}, {""label"": 1, ""similarity"": 0.4682, ""text"": ""Police: Negotiators are now in contact with armed hostage-taker in Sydney situation; motive remains unknown - http://t.co/mp18E4DdjW""}, {""label"": 0, ""similarity"": 0.4489, ""text"": ""BREAKING NEWS UPDATE: Police storm Sydney café to end hostage-taking http://t.co/8f1AQOT6dg #SydneySiege http://t.co/WnCbG1QwRb""}, {""label"": 1, ""similarity"": 0.4449, ""text"": ""#SYDNEYSIEGE OVER, police confirm. Reports hostage-taker is down http://t.co/kJdiVv0nB9 http://t.co/vuZivnylRv""}]","Stretchers taken from Sydney cafe after police storm building; fate of hostage-taker unknown - @NBCNews, @7NewsSydney http://t.co/N5mmnilz4Z"
364,524958741259886592,6,0,0,0.32766629088974764,0,0.85,cache,False,False,推文与两个高度相似（相似度0.9158和0.5806）的非谣言训练样本一致，且本地模型非谣言证据中'shooting URL'得分最高（0.6864），表明这是一条真实新闻，而非谣言。,"[{""label"": 0, ""similarity"": 0.9158, ""text"": ""U.S. jury finds four former Blackwater guards guilty on nearly every count related to 2007 Baghdad shooting.""}, {""label"": 0, ""similarity"": 0.5806, ""text"": ""Overwhelming guilty verdict in Blackwater case -- murder, manslaughter, weapons -- declares 2007 Nisour Square shooting a criminal act.""}, {""label"": 1, ""similarity"": 0.2084, ""text"": ""#BREAKING: @kenneyjason confirms the soldier shot this morning has died, a Parliamentary Guard has also been wounded. #OttawaShooting""}, {""label"": 1, ""similarity"": 0.2062, ""text"": ""BREAKING NEWS: CBC confirms photo of Michael Zehaf-Bibeau, the gunman in the Ottawa shooting - http://t.co/58IK7FMcA1 http://t.co/HmCjJGCn0F""}]",BREAKING: Four Blackwater guards convicted of voluntary manslaughter in 2007 Baghdad shooting http://t.co/hR7xe18RJ2
358,524980483479076864,6,0,0,0.32503191004990223,0,0.95,cache,False,False,推文为NBA常规调查新闻，无耸动或虚假表述；相似训练样本中谣言样本属突发事件且相似度低，非谣言样本更接近。,"[{""label"": 0, ""similarity"": 0.393, ""text"": ""Last position Germanwings A320 via @flightradar24 http://t.co/kJ5F9vlNQs""}, {""label"": 0, ""similarity"": 0.3882, ""text"": ""Last known position of Germanwings flight: http://t.co/m9ZF6fy8yk http://t.co/wc8gKPxUAc""}, {""label"": 1, ""similarity"": 0.3325, ""text"": ""#BREAKING news: Shots fired at Parliament Hill. Follow developing story: http://t.co/B8LinPFjvj http://t.co/olsk7N4X5T""}, {""label"": 1, ""similarity"": 0.3325, ""text"": ""#BREAKING news: Shots fired at Parliament Hill. Follow developing story: http://t.co/gPg9nujRvk http://t.co/H0Hw24j5ma""}]","Harden, Howard again named best at position in 2014-15 NBA GM Survey. Story: http://t.co/rX94nO5V60 http://t.co/MXQayqVPlT"
12,499366666300846081,1,1,0,0.3182306268579869,1,0.65,cache,True,False,文本中'It's shut down'和'No media allowed'与相似训练样本（标签1，相似度0.75）'#Ferguson is completely shut down. No journalists allowed.'高度一致，且本地谣言证据中'down'得分0.62，支持谣言判断。,"[{""label"": 1, ""similarity"": 0.7507, ""text"": ""#Ferguson is completely shut down. No journalists allowed.""}, {""label"": 0, ""similarity"": 0.5158, ""text"": ""More police cars heading into #Ferguson https://t.co/cguoQrqjCn""}, {""label"": 0, ""similarity"": 0.4109, ""text"": ""Police blocking cars from entering #Ferguson right now http://t.co/e6DQpD0vmE""}, {""label"": 0, ""similarity"": 0.4078, ""text"": ""#Ferguson protestors have shut down a major intersection  https://t.co/2sLJdYKrP4""}]",Line of police cars with high beams on greets anyone trying to enter #Ferguson. It's shut down. No media allowed. http://t.co/bk6jFFM7jj
60,500212911856295940,1,0,0,0.3166966740180263,0,0.9,cache,False,False,推文是表达个人观点的评论性语句，并未直接陈述事实，本地模型非谣言证据（如词项'we'、'do'）及相似训练样本（标签0）更匹配，缺乏充分线索支持改为谣言。,"[{""label"": 0, ""similarity"": 0.4475, ""text"": ""Police are leaving now. #ferguson https://t.co/tozjird2vf""}, {""label"": 1, ""similarity"": 0.348, ""text"": ""The day #Ferguson cops beat a man and charged him with getting his blood on their uniforms http://t.co/JawJSRGJ9m http://t.co/B9lA31LLis""}, {""label"": 1, ""similarity"": 0.3465, ""text"": ""The day #Ferguson cops beat a man and charged him with getting his blood on their uniforms http://t.co/P2mW9Nu8pB … http://t.co/6kBUzLXzFY""}, {""label"": 1, ""similarity"": 0.3235, ""text"": ""What's so frustrating is that now we are talking about a robbery and not the killing of an unarmed kid. #ferguson""}]","No matter what we do, it won't be as bad as killing a kid and leaving him to die on the street, covered with his own blood. #Ferguson"
381,524950159160250368,6,0,0,0.3148187837011583,0,0.9,cache,False,False,推文内容为白宫官员通报奥巴马已获悉加拿大首都枪击事件，属于标准新闻报道，且相似训练样本中多条类似报道均被标记为非谣言。本地模型非谣言证据中'briefed'和'shooting'得分较高，无强烈谣言线索，故保持0。,"[{""label"": 0, ""similarity"": 1.2595, ""text"": ""JUST IN: White House official: Pres. Obama briefed on hostage situation in Sydney, Australia - @c_good http://t.co/PD7pVfU9pQ""}, {""label"": 0, ""similarity"": 0.9953, ""text"": ""BREAKING: President Obama has been briefed on the situation in Ottawa, White House official says. http://t.co/qsAnGNqBEw""}, {""label"": 0, ""similarity"": 0.4868, ""text"": ""JUST IN: US Embassy in Ottawa on lockdown following shooting incidents at and near Canadian Parliament - @WilliamsJon""}, {""label"": 1, ""similarity"": 0.4801, ""text"": ""Ottawa Police spokesman tells @ABC News that 3 suspects are being sought following shootings in Canadian capital - @WorldNews""}]",JUST IN: White House official: Pres. Obama has been briefed on shooting incidents in Canadian capital - @marykbruce
180,544511130249744384,5,1,0,0.3143122346092613,0,0.7,cache,False,False,推文内容类似于相似训练样本中判为非谣言的描述（'Gunfire and explosions have been heard at the cafe'），没有明显夸大或虚假指控；本地模型非谣言证据中'at the'和'cafe URL'得分较高，而谣言证据得分较低。,"[{""label"": 1, ""similarity"": 0.5916, ""text"": ""Powerful series of images of one of the hostages escaping #sydneysiege http://t.co/8JoOsCMZKA""}, {""label"": 0, ""similarity"": 0.5699, ""text"": ""Gunfire and explosions have been heard as armed police stormed the Lindt cafe building in Sydney #sydneysiege""}, {""label"": 1, ""similarity"": 0.5333, ""text"": ""POLICE MOVE IN: Police confirm live ammunition used in Martin Place #sydneysiege""}, {""label"": 0, ""similarity"": 0.532, ""text"": ""Gunfire and explosions were heard at the cafe moments after a group of hostages ran from the building. #sydneysiege http://t.co/XIraAG7atA""}]",#sydneysiege: A series of loud blasts and bursts of ammunition have been heard at the cafe. http://t.co/IxPuyIrNy2 http://t.co/olteaN8zjH
357,525030331775463424,6,0,0,0.31192700072937907,0,0.75,cache,False,False,推文内容为对#OttawaShooting事件后的具体措施描述，类似训练样本均为非谣言且无谣言线索；本地模型非谣言证据权重更高。,"[{""label"": 0, ""similarity"": 0.4559, ""text"": ""Things to remember. #OttawaShooting http://t.co/hsoasOkV7P""}, {""label"": 0, ""similarity"": 0.4487, ""text"": ""Stay Strong Canada.  #ottawashooting http://t.co/7gVWfXh0AC""}, {""label"": 0, ""similarity"": 0.4383, ""text"": ""Finally out of the building #ottawashooting""}, {""label"": 0, ""similarity"": 0.4275, ""text"": ""Remember: do NOT tweet location of police in #Ottawa #OttawaShooting""}]","Atlantic #cadet programs cancelled, other cadets advised to not wear uniform but show up in business casual. #OttawaShooting"
375,524954161054756864,6,0,0,0.3059083892048853,0,0.85,cache,False,False,推文仅表达对渥太华事件的震惊和关心，没有传播具体虚假信息；相似训练样本均为非谣言，本地模型证据支持非谣言。,"[{""label"": 0, ""similarity"": 0.4581, ""text"": ""Thinking of everyone in Sydney today x""}, {""label"": 0, ""similarity"": 0.3698, ""text"": ""Major police operation unfolding in downtown Sydney http://t.co/thNggxxGEQ""}, {""label"": 0, ""similarity"": 0.3612, ""text"": ""Thinking of our friends in Ottawa this morning. Please be safe.""}, {""label"": 0, ""similarity"": 0.3546, ""text"": ""Thinking of everyone in Ottawa this morning. Thoughts and prayers are with the solider and their family. #Canada""}]","Simply shocked at what's unfolding in Canada's capital. Thinking of you, Ottawa."
57,499697498072420352,1,0,0,0.30310387043144155,0,0.85,cache,False,False,推文是自称桑迪胡克父亲和前警察的人表达对弗格森警方部署特警的看法，没有明显虚假或造谣迹象，相似训练样本中虽有谣言样本但相似度不高且文本线索不充分。,"[{""label"": 0, ""similarity"": 0.4211, ""text"": ""#Ferguson: Towns Don't Need Tanks http://t.co/304W7l7neh""}, {""label"": 1, ""similarity"": 0.3869, ""text"": ""shorter #ferguson pd: \""damn, we thought we could dirty up this guys name, we didn't think you guys would CHECK\""""}, {""label"": 0, ""similarity"": 0.3271, ""text"": ""Whoa #ferguson http://t.co/JSNZrnFMp5""}, {""label"": 1, ""similarity"": 0.32, ""text"": ""Why was #Ferguson PD still looking for the suspect 7 hours after Michael Brown had been killed? http://t.co/xmMMBBN5nT""}]",Dear #Ferguson PD After our towns murders we didn't deploy SWAT Respectfully a Sandy Hook Dad and ex-cop. http://t.co/fpRWMowwAj
252,544357264333615104,5,0,0,0.3009957602384284,0,0.8,cache,False,False,当前推文为情感安慰性陈述，无明确谣言线索；相似训练样本中非谣言样本更接近其语气和内容，本地证据显示非谣言特征得分更高，故保持原判。,"[{""label"": 1, ""similarity"": 1.1252, ""text"": ""Sydney gunman was shot by police and is confirmed dead #sydneysiege #SydneyHostageCrisis""}, {""label"": 0, ""similarity"": 1.0741, ""text"": ""this photo speaks a thousand words, praying for all people being held hostage #sydneysiege #SydneyHostageCrisis http://t.co/Pk3wwqd8FS""}, {""label"": 0, ""similarity"": 0.8867, ""text"": ""Only the soldiers of Islam have the guts to bravely face women armed with coffee mugs.  #sydneysiege  #SydneyHostageCrisis""}, {""label"": 1, ""similarity"": 0.8515, ""text"": ""Australian Mufti condemns hostage taking in #Sydney - Statement #SydneyHostageCrisis #SydneySiege #SydneyCafe http://t.co/n38XZVq5iu""}]",This is well written and comforting as well. #sydneysiege #SydneyHostageCrisis http://t.co/mdJvf6NEdf
34,498274493337702401,1,0,0,0.2985391750416842,0,0.9,cache,False,False,输入推文仅陈述MikeBrown被枪击无法上大学，未包含类似训练样本中“shoplifting”的指控性内容，文本线索本身不构成谣言。,"[{""label"": 1, ""similarity"": 1.0473, ""text"": ""St. Louis: Unarmed teenager #MikeBrown was shot ten times by a #Ferguson police officer for accusation of shoplifting http://t.co/cmaG8mnMiP""}, {""label"": 1, ""similarity"": 0.9267, ""text"": ""Unarmed teenage black boy #MikeBrown was shot ten times by a #Ferguson police officer for accusation of shoplifting http://t.co/rjKd6f2fM9""}, {""label"": 0, ""similarity"": 0.743, ""text"": ""Michael Brown, unarmed black teen killed by police in #Ferguson was set to start college on Monday. @MichaelSkolnik:https://t.co/4LODno0FLr""}, {""label"": 0, ""similarity"": 0.6892, ""text"": ""Mike Brown was to start studying at Vatterott College on Monday. #Ferguson""}]",: Teenager #MikeBrown won't start college on Monday because he was shot ten times by a #Ferguson police officer. http://t.co/dCFmzlkFRD”
395,536810390739755009,0,0,0,0.29836912759308903,0,0.8,cache,False,False,推文仅为新闻宣布事件，无虚假主张；最相似的两个训练样本中一个为谣言但另一个为非谣言且文本客观，不足以支持改判。,"[{""label"": 1, ""similarity"": 0.9322, ""text"": ""Swiss museum confirms it will take on #Gurlitt collection""}, {""label"": 0, ""similarity"": 0.8587, ""text"": ""Swiss Museum Deciding on Gurlitt Art Trove: Swiss museum to announce decision on future of collector Gurlitt's... http://t.co/hM4I0qiiZx""}, {""label"": 0, ""similarity"": 0.8222, ""text"": ""Swiss museum to decide future of Gurlitt art trove: BERLIN (AP) — A Swiss museum and German officials plan to ... http://t.co/E9J50yeUM2""}, {""label"": 1, ""similarity"": 0.8084, ""text"": ""#Gurlitt's art collection is going to a Bern museum. Here's a look back at how it came to that http://t.co/7qoJQRTZlF http://t.co/t37tgc2pP0""}]","Swiss museum, German officials to announce fate of  #Gurlitt art collection at 11CET. http://t.co/7NlXiG4hcz"
162,580331071457333248,4,0,0,0.28530555030379917,0,0.85,cache,False,False,推文为机场运营商Aena的客观时间报道，无夸张或虚假断言；相似训练样本多为事实性非谣言，仅一条谣言样本但内容不同（死亡人数），证据不足。,"[{""label"": 0, ""similarity"": 0.637, ""text"": ""#Germanwings crash: Arrivals board at #Dusseldorf airport http://t.co/zU6hn03xzU http://t.co/MOQt2LDido""}, {""label"": 0, ""similarity"": 0.597, ""text"": ""Family members of victims of @germanwings crash arrive at Barcelona's El Prat airport http://t.co/wf2xONhzNQ http://t.co/CBDPm6JiHv""}, {""label"": 1, ""similarity"": 0.5814, ""text"": ""BREAKING: 148 feared dead in crashed #Germanwings flight http://t.co/bnEGQsxBFL""}, {""label"": 0, ""similarity"": 0.5533, ""text"": ""Germanwings flight #4U9525 from Barcelona to Dusseldorf has crashed in French Alps. http://t.co/FHoX6q0GHt R.I.P. http://t.co/oUOhJrHxko""}]",Airport operator Aena: Crashed #GermanWings jet took off from Barcelona airport at 0855 GMT http://t.co/8UPMsinQkX http://t.co/4IpoDSEy7U
166,580328565255852032,4,0,0,0.28530426368969214,0,0.85,cache,False,False,推文为新闻陈述，相似训练样本中有非谣言案例，本地非谣言证据强度高于谣言证据，无明确谣言线索。,"[{""label"": 1, ""similarity"": 0.7464, ""text"": ""Germanwings plane crash: #A320 sent distress signal before crashing in French Alps  http://t.co/U4yg4ndyBo http://t.co/6TMygKOETx""}, {""label"": 1, ""similarity"": 0.7452, ""text"": ""French president: No survivors likely in Germanwings crash http://t.co/ZCVYX4B1lQ""}, {""label"": 0, ""similarity"": 0.6595, ""text"": ""French president Hollande does not expect survivors from #Germanwings plane crash http://t.co/0YLB5DTeso http://t.co/UK8LVyuBbN""}, {""label"": 1, ""similarity"": 0.6184, ""text"": ""Reports of a plane crash near the French Alps, a GermanWings A320 http://t.co/WDso9Euyhp http://t.co/mpNENahmaW""}]",#A320 Germanwings plane crash: Majority of victims likely to be German says French President http://t.co/U4yg4ndyBo http://t.co/eHb2UetmxI
387,536835011941396481,0,1,0,0.27622566174941987,0,0.9,cache,False,False,推文是正规新闻机构报道，相似训练样本均为非谣言，且本地模型证据中非谣言特征占主导，无明显谣言线索。,"[{""label"": 0, ""similarity"": 1.0059, ""text"": ""The Gurlitt art collection no one - and everyone - wants - SWI swissinfo.ch http://t.co/rjjy0e4AR4 @swissinfo_en""}, {""label"": 0, ""similarity"": 1.0059, ""text"": ""The Gurlitt art collection no one - and everyone - wants - SWI swissinfo.ch http://t.co/7j0ZLfv7d1 @swissinfo_en""}, {""label"": 0, ""similarity"": 1.0059, ""text"": ""The Gurlitt art collection no one - and everyone - wants - SWI swissinfo.ch http://t.co/iRdYJ2HIrO @swissinfo_en""}, {""label"": 0, ""similarity"": 0.9292, ""text"": ""Swiss museum to say today whether it accepts Nazi-era art hoard @AFP http://t.co/ZrnSMxC4YO #Gurlitt""}]",#Gurlitt Bern museum accepts controversial art hoard - SWI swissinfo.ch http://t.co/B0udLwiK1J @swisscenter @fteuscher
17,498294764718915586,1,1,0,0.27486464059553434,0,0.9,cache,False,False,推文表达了对弗格森事件的对比评论，未发现明确事实错误；相似训练样本均为非谣言，文本线索不足以支持谣言判定。,"[{""label"": 0, ""similarity"": 0.4484, ""text"": ""White man with gun *goes* to Target. Black kid without gun *is* the target. #Ferguson""}, {""label"": 0, ""similarity"": 0.432, ""text"": ""#Ferguson, MO is in protest after a cop kills an unarmed black teen: http://t.co/xirnS3duFB http://t.co/T6Dp3AQbgE""}, {""label"": 0, ""similarity"": 0.4053, ""text"": ""The #Ferguson shooting shows that being passive leads 2 more injustice. If a Black cop shot an unarmed white teen, Ferguson would be on fire""}, {""label"": 0, ""similarity"": 0.3971, ""text"": ""It's messed up when cops can shoot unarmed Black teen yet White people can walk around Target with AR-15's! #Ferguson""}]",White man aiming down on police...nothing happens. Unarmed black kid walking back from store shot 10 times. #Ferguson http://t.co/48EcUF2Bwa
374,525052976562712576,6,0,0,0.2734886671038223,0,0.85,cache,False,False,推文仅提供渥太华枪击事件报道的截图链接，无争议性或捏造内容，且相似训练样本多为非谣言，本地模型判为0证据充分。,"[{""label"": 0, ""similarity"": 0.5802, ""text"": ""Follow our live coverage of the shootings in Ottawa here: http://t.co/rmEiEdAcH3 #ottawashooting http://t.co/GBHLM8pWGp""}, {""label"": 0, ""similarity"": 0.5542, ""text"": ""WATCH LIVE: CP24's special coverage of the shootings in Ottawa  http://t.co/FbeHWI1vZa http://t.co/9jJQmRKFKg""}, {""label"": 1, ""similarity"": 0.5202, ""text"": ""Live coverage of the Sydney cafe hostage siege on @SkyNews and at http://t.co/1gMsZkOTjC http://t.co/C2nWo4mA5A""}, {""label"": 0, ""similarity"": 0.5202, ""text"": ""Canada's Coverage of the Ottawa Shootings Put American Cable News to Shame http://t.co/D1WmpR4q6b""}]","Coverage of the Ottawa shooting, in one very revealing screenshot http://t.co/CE8bvaKO8F http://t.co/GqOHyg0tUD"
158,580325243631321088,4,0,0,0.2716297560590893,0,0.85,cache,False,False,文本为新闻标题式陈述'What we do and do not know'，无明显造谣或误导线索；相似训练样本中谣言与非谣言并存，且本地模型谣言概率仅0.27，证据不足改为谣言。,"[{""label"": 0, ""similarity"": 1.2019, ""text"": ""Germanwings Airbus A320 crashes in French Alps - live updates http://t.co/ZCHyZHUQ6Y""}, {""label"": 1, ""similarity"": 1.1706, ""text"": ""BREAKING: Germanwings Airbus A320 crashes in French Alps | via @BBCBreaking""}, {""label"": 1, ""similarity"": 1.1539, ""text"": ""Germanwings Airbus A320 crashes in French Alps near Digne http://t.co/yNlWbNJmYI""}, {""label"": 0, ""similarity"": 1.0654, ""text"": ""What we do and do not know about Germanwings flight 4U9525 http://t.co/9oV6x1lrrf http://t.co/ZFaHUwPx4B""}]",Germanwings Airbus A320 crashes in French Alps: What we do and do not know http://t.co/3xKSCtFFwT http://t.co/ugwghZVbHr
307,524956294395224064,6,1,0,0.2675059359074947,1,0.7,cache,True,False,推文声称提供渥太华议会山附近枪击的3个地点，与训练集中标签为1的样本（高度相似0.5398）内容完全吻合；本地模型谣言证据中“shootings in”和“parliament”得分较高，支持改为谣言。,"[{""label"": 0, ""similarity"": 0.7812, ""text"": ""Please DO NOT tweet photos or locations of police in #ottawa at the Parliament Buildings! @TorontoPolice @OttawaPolice""}, {""label"": 0, ""similarity"": 0.5682, ""text"": ""Security bulletin from Parliament Hill: #ottawa http://t.co/79DHcPi530""}, {""label"": 1, ""similarity"": 0.5398, ""text"": ""Ottawa shootings reportedly at three locations - parliament, war memorial and shopping mall. http://t.co/fULkb6VpEv http://t.co/mL9Ivehy6Q""}, {""label"": 0, ""similarity"": 0.5277, ""text"": ""A reminder for those observing the shooting on Parliament Hill: DO NOT tweet police locations and movements #ottcity #ottawa""}]",Here are the 3 locations of shootings in #Ottawa around Parliament Hill (GoofleEarth) From: @CNNJason http://t.co/DSyNgBC02U
63,498531639472189441,1,0,0,0.2647959429912698,0,0.92,cache,False,False,推文对比两个事件，使用'v'和并列结构，但无具体虚假指控；相似训练样本均为非谣言且内容类似，未提供足够线索支持谣言。,"[{""label"": 0, ""similarity"": 0.4224, ""text"": ""That crowd behind the cops? MORE cops. #ferguson http://t.co/DBmGbd1TUl""}, {""label"": 0, ""similarity"": 0.4174, ""text"": ""#Ferguson: protesters march peacefully, militarized police aim guns at them http://t.co/nelrA6qZQn pic: @ryanjreilly http://t.co/KgTFspqfrd""}, {""label"": 0, ""similarity"": 0.4052, ""text"": ""Hannity throws a softball to #Ferguson Police Chief #UniteBlue #LibCrib #Bundy #morningjoe http://t.co/2AjrbA7TdI http://t.co/N7RCK8xAsq""}, {""label"": 0, ""similarity"": 0.3778, ""text"": ""Unarmed teen killed by cops isn't the headline but calling black people \""ANGRY MOB!\"" is, that tells you everything about the media #Ferguson""}]",#Ferguson v #Bundy: Black jaywalking teen shot &amp; killed by cops. White trespassig rancher's militia aim guns at cops. http://t.co/MEGjYq2feR
369,524923403183333376,6,0,0,0.2636038784058854,0,0.9,cache,False,False,推文内容为音乐视频拍摄结束的日常更新，无谣言线索；本地模型证据支持非谣言，相似训练样本中非谣言样本更相关。,"[{""label"": 0, ""similarity"": 0.3016, ""text"": ""What we know so far about the Canadian Parliament shooting in Ottawa http://t.co/3NUfy6joHM http://t.co/9iWwhBPPZv""}, {""label"": 0, ""similarity"": 0.273, ""text"": ""At the end of the day, shooting an unarmed man who is surrendering is a crime &amp; the person who we know did it isn't in custody. #ferguson""}, {""label"": 1, ""similarity"": 0.2641, ""text"": ""And I'm now officially done with @Uber, which is price gouging during AU hostage crisis. What sad sorry clowns. http://t.co/OTwTz3E8UM""}, {""label"": 1, ""similarity"": 0.2634, ""text"": ""Why was #Ferguson PD still looking for the suspect 7 hours after Michael Brown had been killed? http://t.co/xmMMBBN5nT""}]",After today we will officially be done shooting for the #SurrenderMusicVideo !! It's looking AMAZING so far btw! #cantwait
39,498305962726273024,1,0,0,0.2579867747745665,0,0.7,cache,False,False,文本缺乏具体证据，仅为主观描述；相似训练样本中多数为非谣言且谣言样本支持度有限。,"[{""label"": 0, ""similarity"": 0.3592, ""text"": ""LAPD kills young black man days after #Ferguson shooting http://t.co/3uEQTOPBWo http://t.co/gfJixdRY8t""}, {""label"": 1, ""similarity"": 0.3502, ""text"": ""Look at his arrive time on the report. This man was still in the store. Exlplain this. #Ferguson #FergusonShooting http://t.co/caOWNddXxa""}, {""label"": 0, ""similarity"": 0.35, ""text"": ""Right now in #ferguson https://t.co/M0yp0a2Wwv""}, {""label"": 0, ""similarity"": 0.3487, ""text"": ""Multiple witnesses have told the media in #Ferguson, that Mike Brown had his hands up when he was shot \""multiple\"" times by police officer.""}]",I’m in #Ferguson and the witnesses are telling a chillin story. This young man was truly executed.
248,544515174376701952,5,0,0,0.25489625331194393,0,0.9,cache,False,False,推文是假设性评论（'if Sydney had been Texas'），并非事实陈述，且相似谣言样本均为实际事件报道，证据不足。,"[{""label"": 1, ""similarity"": 0.3505, ""text"": ""Sydney cafe in hostage crisis may hold up to 10 staff and perhaps 30 customers, Lindt says http://t.co/3KhviIgfR7 http://t.co/UmVzJ6cetn""}, {""label"": 1, ""similarity"": 0.3458, ""text"": ""#BREAKING Reports two customers and an employee have escaped the #SydneySiege http://t.co/fSLeobzxHh""}, {""label"": 1, ""similarity"": 0.3235, ""text"": ""Customers in Sydney cafe taken hostage. Siege in center of city. Watch our friends @9NewsSyd http://t.co/5nsRovuHd1 http://t.co/ho5YDCIkac""}, {""label"": 0, ""similarity"": 0.3168, ""text"": ""Police with guns drawn at seen of war memorial shooting. @ctvottawa http://t.co/QP3k6mqqH9""}]",If Sydney had been Texas 10 customers would have drawn guns the moment the ISIS terrorist walked in... #2A
343,524981689781870593,6,1,0,0.2473922506169208,0,0.85,cache,False,False,推文是对枪击受害者（加拿大军队成员）的哀悼，没有虚假或误导性陈述；相似训练样本中虽有谣言样本但都是不同事件，本地模型非谣言特征得分更高，证据不足以怀疑为谣言。,"[{""label"": 1, ""similarity"": 0.6606, ""text"": ""BREAKING: There have been two shootings on Parliament Hill. One of the victims is believed to be a member of the Canadian Forces.""}, {""label"": 0, ""similarity"": 0.6232, ""text"": ""Our thoughts and prayers are with everyone in Ottawa this morning.""}, {""label"": 0, ""similarity"": 0.6134, ""text"": ""Our thoughts are with all the passengers and crew members on board @Germanwings flight #4U9525 and their loved ones.""}, {""label"": 1, ""similarity"": 0.5575, ""text"": ""Our thoughts and prayers are with the hostages and the families in Sydney. #sydneysiege http://t.co/TYH5KaeLSA""}]",One shooting victim succumbed to injuries. He was a member of the Canadian Forces. Our thoughts and prayers are with him and his loved ones.
156,581257660118491136,4,0,0,0.24405883222535094,0,0.85,cache,False,False,推文内容为对#Germanwings Flight 9525遇难者的致敬，属于正常新闻报道，无谣言线索；相似训练样本中仅一条谣言且内容不同，其他均为非谣言，本地模型判断合理。,"[{""label"": 1, ""similarity"": 0.7238, ""text"": "".@NYTimes reports #Germanwings pilot locked out of cockpit &amp; could not get back in before crash. #AC360 begins now http://t.co/vXigiUHUdS""}, {""label"": 0, ""similarity"": 0.6482, ""text"": ""A tribute to the lives lost in #Germanwings crash set to music from #OlegBryjak &amp; #MariaRadner http://t.co/Uq0HXLcnSk http://t.co/LKWqgecgbX""}, {""label"": 0, ""similarity"": 0.5759, ""text"": ""These are the cliffs #Germanwings rescuers are up against in #SeyneLesAlpes. A brand new hour of #AC360 begins now http://t.co/cvHAxyKUr9""}, {""label"": 0, ""similarity"": 0.5668, ""text"": ""Follow our LIVE coverage of the #Germanwings flight 4U 9525 crash in France: http://t.co/QDmrXB1v6I http://t.co/pgwTvW4fzb""}]",A tribute to the lives lost on #Germanwings Flight 9525 next on #AC360 http://t.co/zDHWF3pYN9
168,580335608477982720,4,0,0,0.2417381625632394,0,0.8,cache,False,False,推文为常规新闻报道，无明确虚假指控，且相似训练样本多为非谣言，不支持改为谣言。,"[{""label"": 0, ""similarity"": 0.9894, ""text"": ""Germanwings flight 4U9525 crashes in French Alps: weather calm at time of crash, debris found - live updates http://t.co/kRtcwgrW86 #4U9525""}, {""label"": 1, ""similarity"": 0.9532, ""text"": ""Germanwings flight #4U9525 crashes in French Alps: plane was at low altitude when 'mayday' call received - live http://t.co/zViQibyimM""}, {""label"": 0, ""similarity"": 0.7613, ""text"": ""#Lufthansa tweets on #Germanwings #4U9525 crash - LIVE UPDATES http://t.co/zU6hn03xzU http://t.co/k0jbLmv84k""}, {""label"": 0, ""similarity"": 0.7583, ""text"": ""Germanwings flight #4U9525 from Barcelona to Dusseldorf has crashed in French Alps. http://t.co/FHoX6q0GHt R.I.P. http://t.co/oUOhJrHxko""}]",Germanwings  flight 4U9525 crashes in French Alps: a 'dark day' for Lufthansa if #4U9525 fears realised - live http://t.co/9la7dYRcUz
354,524955388190662657,6,0,0,0.23379411807211659,0,0.9,cache,False,False,推文描述枪击后核心小组房间内照片，与所有相似训练样本（均标记非谣言）内容一致，且本地非谣言证据得分高于谣言证据，无充分理由改为谣言。,"[{""label"": 0, ""similarity"": 1.0529, ""text"": ""Chairs against door. MT @grahamctv: Photo from inside caucus room after shooting http://t.co/ELaGEUBVM1""}, {""label"": 0, ""similarity"": 0.9993, ""text"": ""Chairs piled against the door. This is surreal. RT\""@grahamctv: Shot from inside caucus room after shooting. http://t.co/CmJbhSDSMo\""""}, {""label"": 0, ""similarity"": 0.8567, ""text"": ""Caucus room barricaded after shooting. http://t.co/FgI0JTxE2f""}, {""label"": 0, ""similarity"": 0.85, ""text"": ""Stunning photo inside caucus room during shooting http://t.co/wgGCPeYZ67 http://t.co/OpERH3GiMu""}]",Shot from inside caucus room after shooting @ctvottawa #ottawashooting. http://t.co/JjEWpnbUW7
70,500362679039840257,1,0,0,0.22867034447877843,0,0.9,cache,False,False,推文为客观事实陈述（RT转推），本地模型非谣言证据（“over”“ferguson URL”“rt”）得分高于谣言证据，相似训练样本中非谣言样本（0.7498、0.6785）与文本内容一致，无强烈谣言线索。,"[{""label"": 1, ""similarity"": 0.8561, ""text"": ""URGENT: Darren Wilson is the police officer who shot Mike Brown http://t.co/RZ1eYcKpiY #Ferguson http://t.co/D2HyKchWvq""}, {""label"": 0, ""similarity"": 0.7498, ""text"": ""When and where - #MikeBrown shot by police officer Darren Wilson in #Ferguson http://t.co/gCy99f2T5Z http://t.co/kr1ZjFFJ51""}, {""label"": 0, ""similarity"": 0.6785, ""text"": ""WELP! RT @TUSK81: #Ferguson chief says officer Darren Wilson devastated. Mike Brown unavailable for comment about his feelings because dead.""}, {""label"": 1, ""similarity"": 0.633, ""text"": ""#Ferguson police chief says officer Darren Wilson didn't know #MikeBrown was a robbery suspect http://t.co/SbpxzwwZWs""}]",RT @FreeTopher: OFFICER DARREN WILSON STANDING OVER MIKE BROWN'S BODY AFTER SHOOTING HIM 9 TIMES #Ferguson http://t.co/7uAMFPdyPO
160,580330454869512192,4,0,0,0.2253205213019359,0,0.95,cache,False,False,推文为新闻汇总标题，本地非谣言证据强且所有相似训练样本均为非谣言，无明显谣言线索。,"[{""label"": 0, ""similarity"": 1.0424, ""text"": ""What we know about the Germanwings crash so far http://t.co/G8jyRegGrc http://t.co/UMWNHdT8HH""}, {""label"": 0, ""similarity"": 1.0141, ""text"": ""This is what we know about the Germanwings Airbus A320 plane crash so far http://t.co/DsZnmtgLun http://t.co/0X1MgYByK8""}, {""label"": 0, ""similarity"": 0.869, ""text"": ""#Germanwings plane crash: what we know so far http://t.co/q1I8tkghmf http://t.co/Lywc9MHPgj""}, {""label"": 0, ""similarity"": 0.8389, ""text"": ""UPDATE CRASH This is what we know about the Germanwings #4U9525 Airbus A320 plane crash so far http://t.co/Ah5H6qxIRp""}]",Everything we know about the Germanwings plane crash in France http://t.co/o0ZSGb1lQq http://t.co/N4TTbxlOY4
361,524987263835721728,6,0,0,0.22530933671090703,0,0.85,cache,False,False,推文仅为抽象祈祷表达，无具体事件陈述；相似谣言样本虽有枪击描述但该推文未提及，整体证据不足。,"[{""label"": 0, ""similarity"": 1.2141, ""text"": ""Stay safe to everyone back home in Ottawa #PrayForOttawa""}, {""label"": 1, ""similarity"": 1.074, ""text"": ""Thoughts &amp; prayers go out to the soldier killed in Ottawa during the shooting &amp; everyone affected in Ottawa. #PrayForOttawa #OttawaShooting""}, {""label"": 0, ""similarity"": 0.9948, ""text"": ""\""@Joerayment: Dramatic photos from @wcuddington on the scene in Ottawa http://t.co/NBNrYercrM http://t.co/xXwgdoW82Q\"" #PrayForOttawa :(""}, {""label"": 0, ""similarity"": 0.9856, ""text"": ""Thoughts and prayers for everyone in Ottawa #staystrong #PrayForOttawa""}]",Prayers to Ottawa. #PrayForOttawa http://t.co/HOaNBdifHf
245,544379787246981122,5,0,0,0.2249741359006363,0,0.75,cache,False,False,推文本身是客观描述‘他们的脸说明一切’且附有链接，未发现明确虚假或恐慌性断言；最相似谣言样本虽标签为1，但文本一致性高，无法确定推文含有故意误导信息，因此保持非谣言判断。,"[{""label"": 1, ""similarity"": 0.8216, ""text"": ""These hostages' faces say so much http://t.co/FkqkWrumfZ #sydneysiege http://t.co/alk2z0Lsgj""}, {""label"": 1, ""similarity"": 0.6077, ""text"": ""Map: Exclusion zone remains around #MartinPlace as the #Sydneysiege continues  http://t.co/aOuG4dmrHb http://t.co/ZP0U1xNQzA""}, {""label"": 0, ""similarity"": 0.5557, ""text"": ""Images of the #SydneySiege http://t.co/dx5yyCVc9K http://t.co/wRpCfYU3sy""}, {""label"": 0, ""similarity"": 0.5556, ""text"": ""UPDATE: Police say #Sydneysiege is over http://t.co/WrPVZSJHlX http://t.co/Gdasj7IRBX""}]",Their faces say it all. #Sydneysiege continues more&gt;http://t.co/6EAaEKw4n9 http://t.co/NkzVcf9mxv
157,580361142666563584,4,0,0,0.22381788706482678,0,0.7,cache,False,False,推文仅描述直升机和应急车辆到达，未明确声称事故或坠机；相似谣言样本均包含‘crash’等直接措辞，证据不足，不宜改为谣言。,"[{""label"": 1, ""similarity"": 0.8163, ""text"": ""Sad news, plane crashed in southern France http://t.co/2K5CklKRzZ #GermanWings""}, {""label"": 0, ""similarity"": 0.7855, ""text"": ""Germanwings plane crashes in southern France http://t.co/Y4vqLg5RL8""}, {""label"": 1, ""similarity"": 0.7375, ""text"": ""BREAKING: GermanWings A320 Crash in Southern France""}, {""label"": 1, ""similarity"": 0.7155, ""text"": ""#breaking Airbus A320 crashes in southern France with 148 people on board  #Germanwings http://t.co/suRCtXRGsU""}]",Helicopters and emergency vehicles are arriving in southern France. #Germanwings http://t.co/2Ry7Itpo4L
303,524995771587108864,6,1,0,0.2221109912612076,0,0.85,cache,False,False,推文描述降半旗致哀的常规仪式，属于事实性陈述；相似训练样本均为非谣言，且内容高度相关（如悼念、事件报道），无谣言线索支撑更改。,"[{""label"": 0, ""similarity"": 0.4636, ""text"": ""McMaster's flags have been lowered in memory of today's shooting victim in Ottawa. http://t.co/5rFkvTybQO""}, {""label"": 0, ""similarity"": 0.3779, ""text"": ""A mother lost her child. A father lost his son. A young man lost his life. #JusticeForMikeBrown #Ferguson http://t.co/dRRPNhBPiw""}, {""label"": 0, ""similarity"": 0.361, ""text"": ""The Pittsburgh Penguins had Oh Canada sung tonight vs Philly in honour of the event in Ottawa. #class http://t.co/WSgjWNkbCK""}, {""label"": 0, ""similarity"": 0.3368, ""text"": ""What we know so far about the Canadian Parliament shooting in Ottawa http://t.co/3NUfy6joHM http://t.co/9iWwhBPPZv""}]",This afternoon we've lowered our flags to half mast in honour of the Canadian Reservist who lost his life in Ottawa. http://t.co/3oTF5sd2Lf
54,499700824432717824,1,0,0,0.21828140337935542,0,0.85,cache,False,False,推文中的'On some Tiananmen shit'虽敏感，但整体为对Ferguson事件的评论引用，非谣言叙事；相似训练样本仅一个谣言且相似度不高（0.5459），其余为非谣言，本地证据中非谣言特征（如'ferguson URL'）分数更高。,"[{""label"": 0, ""similarity"": 0.6462, ""text"": ""#Ferguson picture from earlier in the day, high powered rifles trained on protesters http://t.co/OYOur3ZCrA""}, {""label"": 1, ""similarity"": 0.5459, ""text"": ""Remarkably, despite the military-style police presence in #Ferguson, a known killer was able to skip town http://t.co/lDGjp6Wt1j""}, {""label"": 0, ""similarity"": 0.3839, ""text"": ""The @latimes reports on #Ferguson - http://t.co/p69w3eaHpb http://t.co/3DtEAVnpkW""}, {""label"": 0, ""similarity"": 0.3492, ""text"": ""Statement from St. Louis County Police Officers Assoc., saying @GovJayNixon put officers lives in danger. #Ferguson http://t.co/plnDpI5uRE""}]","On some Tiananmen shit. RT @sebwalker: Military-style police: 3 APCs, ~100 officers, high-powered rifles #Ferguson http://t.co/JK0ZBrnEIO"
316,525055879545380864,6,1,0,0.2179259486095532,0,0.95,cache,False,False,推文是常见的情感支持表达，类似训练样本中三个高相似度样本均为非谣言，且无虚假信息线索。,"[{""label"": 0, ""similarity"": 1.2118, ""text"": ""Our thoughts are with everyone in Ottawa and those affected by today's events. #OttawaStrong""}, {""label"": 0, ""similarity"": 1.0252, ""text"": ""Our thoughts are with all those affected by today's events in Ottawa.""}, {""label"": 0, ""similarity"": 1.0041, ""text"": ""Our thoughts are with all those affected by today’s events in Ottawa.""}, {""label"": 1, ""similarity"": 0.8794, ""text"": ""Raptors hold a moment of silence to honour Cpl. Nathan Cirillo and all those affected by today's events in Ottawa. http://t.co/hqoIIvCRNj""}]",Our thoughts are with the family and friends of Cpl. Nathan Cirillo and all those affected by the events in Ottawa today. #OttawaStrong
161,580351083383517185,4,0,0,0.216201376023602,0,0.85,cache,False,False,"推文为对事件现场的客观报道，无虚假内容；相似训练样本中标签0的样本相似度更高（0.6182,0.6156），且文本中'staging'和'crash site'等词偏向真实记录。","[{""label"": 0, ""similarity"": 0.6182, ""text"": ""French Air Force Boeing C-135FR Stratotanker flying over #4U9525 crash site http://t.co/Hv3kJZ28a9 http://t.co/EQl9ysUiXN""}, {""label"": 0, ""similarity"": 0.6156, ""text"": ""Pray for #4U9525 http://t.co/II7Rl24ffH""}, {""label"": 1, ""similarity"": 0.5898, ""text"": ""NEWS: 'Emergency Emergency' was the final distress call that was sent from the cockpit of flight #4U9525  - @PollyR_Aviation""}, {""label"": 1, ""similarity"": 0.5567, ""text"": ""BREAKING Authorities confirm last words from #germanwings #4U9525 A320 distress call were \""emergency, emergency\"" http://t.co/wFg8KTSve2""}]","BREAKING Emergency units staging in Seyne-les-Alpes, near #4U9525 crash site /@Aviaponcho http://t.co/wFg8KTSve2 http://t.co/NaHq3MIOlz"
140,580321350750990336,4,1,0,0.21192960016694617,0,0.85,cache,False,False,推文仅建议使用话题标签获取信息，未包含任何虚假或恶意声明；相似训练样本中非谣言案例（如提供更新链接）与其模式一致，且本地模型非谣言证据得分较高。,"[{""label"": 1, ""similarity"": 0.9704, ""text"": ""BREAKING: GermanWings A320 Crash in Southern France""}, {""label"": 0, ""similarity"": 0.87, ""text"": ""For the LATEST UPDATE on the #germanwings plane that crashed in Southern France click http://t.co/WaB80Cd3EC""}, {""label"": 1, ""similarity"": 0.8544, ""text"": ""Sad news, plane crashed in southern France http://t.co/2K5CklKRzZ #GermanWings""}, {""label"": 0, ""similarity"": 0.8379, ""text"": ""Watch our live and rolling coverage of #Germanwings plane crash in southern France: http://t.co/d0osIRFVQR http://t.co/e9n4uq3fDj""}]",Hashtags #4U9525 #GermanWings #A320 all useful for latest info on plane crash in southern France.
372,524985092343889920,6,0,0,0.21160501697539758,0,0.95,cache,False,False,推文表达对袭击的震惊和支持，属于常规反应陈述；本地模型判为非谣言且相似训练样本均为非谣言，缺乏谣言证据。,"[{""label"": 0, ""similarity"": 0.3925, ""text"": ""Our thoughts are with all those affected by today's events in Ottawa.""}, {""label"": 0, ""similarity"": 0.3733, ""text"": ""All of @MLB joins the @BlueJays in thinking of those affected by today's tragedy in Ottawa.""}, {""label"": 0, ""similarity"": 0.3703, ""text"": ""Canadian police warn people in Ottawa to stay away from windows and roofs due to ongoing shooter incident - @CTVNews http://t.co/aF9HyT9BgX""}, {""label"": 0, ""similarity"": 0.3605, ""text"": ""PM Netanyahu spoke with Canadian PM Harper and conveyed the condolences of the Israeli people in wake of the terrorist attack in Ottawa.""}]",I'm appalled by today's attack in Ottawa. I offer my full support to @pmharper and the Canadian people as they deal with this incident.
2,500360889347096576,1,1,0,0.21035924391069125,0,0.85,cache,False,False,推文表达对发布视频动机的指责，但属于观点表述，缺乏具体可验证的事实；相似训练样本中仅有一个谣言样本且相似度一般，多数为非谣言样本，因此保持非谣言判断。,"[{""label"": 0, ""similarity"": 0.6635, ""text"": ""Damn #Ferguson #MikeBrown http://t.co/1qmphydgip""}, {""label"": 0, ""similarity"": 0.6511, ""text"": ""#Ferguson #MikeBrown protests http://t.co/UubTxFmU7c""}, {""label"": 0, ""similarity"": 0.6282, ""text"": ""Thank you PBO. #Ferguson #MikeBrown http://t.co/TtTBLTrz0g""}, {""label"": 1, ""similarity"": 0.5931, ""text"": ""I refuse to call the #Ferguson police chief incompetent when it is so clear the release of that video was calculated and brazen. #MikeBrown""}]",so ... they clearly released that video  only to shame &amp; blame the victim. #Ferguson #MikeBrown
86,499696733979688961,1,0,0,0.2090664818604291,0,0.9,cache,False,False,推文仅客观描述军事警察部署场景，无质疑或评论线索；相似训练样本中非谣言样本（相似度0.5914）更匹配其事实性语气，本地模型非谣言证据充分。,"[{""label"": 0, ""similarity"": 0.5914, ""text"": ""#Ferguson picture from earlier in the day, high powered rifles trained on protesters http://t.co/OYOur3ZCrA""}, {""label"": 1, ""similarity"": 0.5133, ""text"": ""Remarkably, despite the military-style police presence in #Ferguson, a known killer was able to skip town http://t.co/lDGjp6Wt1j""}, {""label"": 0, ""similarity"": 0.3194, ""text"": ""Police are using military weapons to occupy #Ferguson, Missouri: http://t.co/VnGMpxrdbI http://t.co/TAgA8A5MU6""}, {""label"": 0, ""similarity"": 0.3163, ""text"": ""Right now in #ferguson https://t.co/M0yp0a2Wwv""}]","Military-style police in overwhelming show of force: 3 APCs, ~100 officers, high-powered rifles #Ferguson http://t.co/joc9ZnPuqM"
270,544338676835041280,5,0,0,0.20826075485228943,0,0.9,cache,False,False,推文仅为现场争吵的描述，未包含虚假声明或误导性信息，且本地模型非谣言证据中的'穆斯林'、'观看'等词项得分较高，不支持改为谣言。,"[{""label"": 1, ""similarity"": 0.3504, ""text"": ""#BREAKING: One man has been arrested and people are being evacuated from the building #sydneysiege http://t.co/7NdqPYhwcY""}, {""label"": 0, ""similarity"": 0.3477, ""text"": ""A crowd gathers near Martin Place. #sydneysiege http://t.co/7NdqPYhwcY @JezNews http://t.co/hCgUyOcuhn""}, {""label"": 1, ""similarity"": 0.3365, ""text"": ""Islamic terrorist attack in Sydney. Hostages holding up a black flag with the Islamic creed on it. #SydneySiege http://t.co/8NE4o0coQ6""}, {""label"": 1, ""similarity"": 0.3354, ""text"": ""BREAKING: Hostages are running out of the cafe #sydneysiege""}]","An argument breaks out in crowd watching #sydneysiege after one man goes on anti-Islamic rant. He's told ""Muslims are welcome here mate!"""
286,544497405237161984,5,0,0,0.20662523929045118,0,0.85,cache,False,False,推文为中性报道引用枪手可能有自我宣传癖，没有明显虚假陈述；本地模型非谣言证据权重高，相似训练样本中也有非谣言例，不足改为谣言。,"[{""label"": 1, ""similarity"": 0.7591, ""text"": ""#BREAKING: The gunman behind the #SydneySiege has been named as Man Monis http://t.co/gl30dy8PYN http://t.co/0HiXMytDzm""}, {""label"": 1, ""similarity"": 0.7078, ""text"": ""#BREAKING: Man Monis has been named as the gunman behind the #SydneySiege. #9News http://t.co/NPeQvHs7Pn""}, {""label"": 0, ""similarity"": 0.6878, ""text"": ""BREAKING: Gunman alleged to have taken hostages in #sydneysiege identified as Man Haron Monis, official tells CNN http://t.co/VUVPPrKuDc""}, {""label"": 0, ""similarity"": 0.6813, ""text"": ""Pictured: Gunman Man Haron Monis, on bail over murder of ex-wife http://t.co/xheuclMCmj #sydneysiege http://t.co/32hYnLqV6J""}]","Man Haron Monis, named as the #sydneysiege gunman, may have a ""fetish for self-publicity"". http://t.co/UdkysqURCT http://t.co/vNDbnOkdt8"
33,500249081286250496,1,0,0,0.20571203687312165,0,0.95,cache,False,False,推文描述和平游行并附有正版图片来源，本地非谣言证据强于谣言特征，相似训练样本中仅有一条内容不同的谣言样本，不支持覆盖。,"[{""label"": 1, ""similarity"": 1.1579, ""text"": ""Another police shooting in protest-plagued #Ferguson: http://t.co/NcVUm7Fqdp (Scott Olson, Getty Images) http://t.co/YfIp2RUB4N""}, {""label"": 0, ""similarity"": 0.77, ""text"": ""#Ferguson: protesters march peacefully, militarized police aim guns at them http://t.co/nelrA6qZQn pic: @ryanjreilly http://t.co/KgTFspqfrd""}, {""label"": 0, ""similarity"": 0.4766, ""text"": ""Police and protesters face to face in #Ferguson http://t.co/C0U0rQzGFa""}, {""label"": 0, ""similarity"": 0.3865, ""text"": ""On a street in #Ferguson: Big wooden pellets &amp; aftermath, weapons used against peaceful protesters http://t.co/hma5qv8pls""}]","Protesters march peacefully alongside state troopers in #Ferguson: http://t.co/qqiQ0XKDRN (Scott Olson, Getty Images) http://t.co/D6DKEK0z5n"
19,500328758201815041,1,1,0,0.20377515905356525,1,0.85,cache,True,False,推文声称‘MO chapter of Klan raising money as reward for the officer killing’，与相似度0.8476的训练样本（标签1）‘KKK already raising money for the police officer who shot and killed #MikeBrown’表述一致，强烈支持谣言。,"[{""label"": 1, ""similarity"": 0.8476, ""text"": ""KKK already raising money for the police officer who shot and killed #MikeBrown - #Ferguson http://t.co/VWkZXjHF7V""}, {""label"": 0, ""similarity"": 0.7635, ""text"": ""Serve and protect?... #Ferguson #Justice #UniteBlue http://t.co/XSLJ9hRhs2""}, {""label"": 0, ""similarity"": 0.664, ""text"": ""RT @Smith83K This Cartoon Says It All: via @BennettCartoons via Chattanooga Times Free Press #Ferguson #UniteBlue #KY http://t.co/TwEej9WWme""}, {""label"": 0, ""similarity"": 0.6548, ""text"": ""Tell me again how this guy points loaded rifle at cops w impunity &amp; unarmd black men get killed #Ferguson  #UniteBlue http://t.co/QBldRbRKBO""}]",Disgusting: MO chapter of Klan raising money as “reward” for the officer killing #MikeBrown. #Ferguson #UniteBlue http://t.co/xRCCazRSFs
21,500298752469770240,1,1,0,0.20229171319525405,0,0.85,cache,False,False,"相似训练样本中类似指控（如""cops shoot an unarmed kid...martial law""）被标记为非谣言，且本地模型非谣言证据指向弗格森话题，没有强烈支持谣言的线索。","[{""label"": 0, ""similarity"": 0.5472, ""text"": ""Damn #Ferguson #MikeBrown http://t.co/1qmphydgip""}, {""label"": 0, ""similarity"": 0.5371, ""text"": ""#Ferguson #MikeBrown protests http://t.co/UubTxFmU7c""}, {""label"": 0, ""similarity"": 0.5079, ""text"": ""Thank you PBO. #Ferguson #MikeBrown http://t.co/TtTBLTrz0g""}, {""label"": 0, ""similarity"": 0.5069, ""text"": ""So let me get this right - cops shoot an unarmed kid then put the town under effective martial law? In the USA? In 2014? #Ferguson""}]",Shoot unarmed kid. Conceal evidence. Impose martial law. Harass reporters. Smear the victim. Worst. Police. Ever. #Ferguson #MikeBrown
72,500322242296041473,1,0,0,0.20152267837255577,0,0.85,cache,False,False,推文为政治评论式提问，没有传播具体虚假事实；相似训练样本中仅有一个谣言样本但内容不相关，非谣言样本支持性更强。,"[{""label"": 0, ""similarity"": 0.6101, ""text"": ""If Michael Brown had been white, @stltoday would have described crowd not as a \""mob\"", but as a 'heartbroken community'. #Ferguson""}, {""label"": 1, ""similarity"": 0.6046, ""text"": ""Why was #Ferguson PD still looking for the suspect 7 hours after Michael Brown had been killed? http://t.co/xmMMBBN5nT""}, {""label"": 0, ""similarity"": 0.5155, ""text"": ""If Michael Brown had shot and killed a #Ferguson police officer, would his identity be kept secret for his &amp; his family's safety?""}, {""label"": 0, ""similarity"": 0.3991, ""text"": ""Right now in #ferguson https://t.co/M0yp0a2Wwv""}]","If Michael Brown had been carrying a gun, would Republicans still say he had a right to bear arms? Or is that only for white men? #ferguson"
221,544287991959539713,5,1,0,0.20134439640714355,0,0.85,cache,False,False,推文是ABC对国家安全委员会会议结束的客观报道，用词中性，缺乏谣言特征；本地模型非谣言证据强（如‘about’0.5742），且仅一个高相似谣言样本，但其描述更具体，不足以覆盖当前事实性陈述。,"[{""label"": 1, ""similarity"": 0.8914, ""text"": ""Ongoing hostage situation in Sydney café. #sydneyseige  Australian PM convenes National Security Committee of cabinet http://t.co/KDp8R6wdOm""}, {""label"": 1, ""similarity"": 0.4822, ""text"": ""#sydneysiege: It's understood the gunman has demanded a meeting with the Australian PM. http://t.co/YqNdZrYJQQ http://t.co/OEzyLSPCpd""}, {""label"": 0, ""similarity"": 0.4698, ""text"": ""Images of the #SydneySiege http://t.co/dx5yyCVc9K http://t.co/wRpCfYU3sy""}, {""label"": 0, ""similarity"": 0.4289, ""text"": "".@amcoren's report on what we know right now about the #sydneysiege: http://t.co/lkXAAgN5Rg""}]",ABC understands the national security committee of cabinet has just wrapped up a meeting about the #sydneysiege http://t.co/7NdqPYhwcY
243,544435176479027200,5,0,0,0.2012544487183919,0,0.85,cache,False,False,推文是对警方在#sydneysiege事件中表现的正面评价，无具体虚假指控；相似训练样本均为非谣言，文本内容一致支持客观陈述。,"[{""label"": 0, ""similarity"": 0.5154, ""text"": ""this photo speaks a thousand words, praying for all people being held hostage #sydneysiege #SydneyHostageCrisis http://t.co/Pk3wwqd8FS""}, {""label"": 0, ""similarity"": 0.4655, ""text"": ""Images of the #SydneySiege http://t.co/dx5yyCVc9K http://t.co/wRpCfYU3sy""}, {""label"": 0, ""similarity"": 0.4205, ""text"": ""Every Australian should be very proud of their police force today. #sydneysiege http://t.co/U4oQlEC3dL""}, {""label"": 0, ""similarity"": 0.4146, ""text"": ""VIDEO: Police storm cafe in Sydney. #SydneySiege https://t.co/doIVONO5wZ""}]",a thousand words in one picture. the police have been absolutely amazing today #sydneysiege http://t.co/w9Gt6rlYes
